<?xml version="1.0" encoding="UTF-8"?>

<Bundle xmlns="http://hl7.org/fhir">
  <id value="ChulPneumoBundleExample"/>
  <meta>
    <profile value="http://si-s-serv1041.st.chulg/ig/VersUnSouffleNouveauIG/StructureDefinition/ChulPneumoBundle"/>
  </meta>
  <identifier>
    <system value="https://terminology.chuliege.be/NamingSystem/global"/>
    <value value="SampleBundle01"/>
  </identifier>
  <type value="document"/>
  <timestamp value="2025-03-01T12:00:00+01:00"/>
  <entry>
    <fullUrl value="http://si-s-serv1041/ig/Composition/ChulPneumoCompositionExample"/>
    <resource>
      <Composition>
        <id value="ChulPneumoCompositionExample"/>
        <meta>
          <profile value="http://hl7.eu/fhir/hdr/StructureDefinition/composition-eu-hdr"/>
        </meta>
        <text>
          <status value="generated"/><div xmlns="http://www.w3.org/1999/xhtml"><a name="Composition_ChulPneumoCompositionExample"> </a><p class="res-header-id"><b>Generated Narrative: Composition ChulPneumoCompositionExample</b></p><a name="ChulPneumoCompositionExample"> </a><a name="hcChulPneumoCompositionExample"> </a><a name="ChulPneumoCompositionExample-und"> </a><div style="display: inline-block; background-color: #d9e0e7; padding: 6px; margin: 4px; border: 1px solid #8da1b4; border-radius: 5px; line-height: 60%"><p style="margin-bottom: 0px"/><p style="margin-bottom: 0px">Profil: <a href="https://build.fhir.org/ig/hl7-eu/hdr/StructureDefinition-composition-eu-hdr.html">Composition (HDR)</a></p></div><p><b>status</b>: Final</p><p><b>type</b>: <span title="Codes:{http://loinc.org 34105-7}">Hospital Discharge summary</span></p><p><b>date</b>: 2025-03-01</p><p><b>author</b>: <a href="Organization-GSI.html">Organization GSI tests</a></p><p><b>title</b>: Exemple de composition en pneumologie</p></div>
        </text>
        <status value="final"/>
        <type>
          <coding>
            <system value="http://loinc.org"/>
            <code value="34105-7"/>
            <display value="Hospital Discharge summary"/>
          </coding>
        </type>
        <subject>
          <reference value="Patient/ChulPatientExample"/>
        </subject>
        <date value="2025-03-01"/>
        <author>
          <reference value="Organization/GSI"/>
        </author>
        <title value="Exemple de composition en pneumologie"/>
        <section>
          <title value="Paramètres de référence"/>
          <code>
            <coding>
              <system value="http://loinc.org"/>
              <code value="8716-3"/>
            </coding>
          </code>
          <text>
            <status value="additional"/><div xmlns="http://www.w3.org/1999/xhtml">Paramètres vitaux</div>
          </text>
          <entry>
            <reference value="Observation/ChulPneumoVitalSignExample"/>
          </entry>
        </section>
        <section>
          <title value="Exemple de titre en pneumologie"/>
          <code>
            <coding>
              <system value="http://loinc.org"/>
              <code value="8648-8"/>
            </coding>
          </code>
          <text>
            <status value="additional"/><div xmlns="http://www.w3.org/1999/xhtml">Exemple de rapport en pneumologie</div>
          </text>
        </section>
        <section>
          <title value="Diagnostic primaire"/>
          <code>
            <coding>
              <system value="http://loinc.org"/>
              <code value="11535-2"/>
            </coding>
          </code>
          <text>
            <status value="additional"/><div xmlns="http://www.w3.org/1999/xhtml">Diagnostic</div>
          </text>
          <entry>
            <reference value="Condition/ChulPneumoConditionExample"/>
          </entry>
        </section>
        <section>
          <title value="Historique des épreuves fonctionnelles respiratoires"/>
          <code>
            <coding>
              <system value="http://loinc.org"/>
              <code value="10185-7"/>
            </coding>
          </code>
          <text>
            <status value="empty"/><div xmlns="http://www.w3.org/1999/xhtml">EFR</div>
          </text>
          <entry>
            <reference value="Procedure/ChulEfrExample"/>
          </entry>
        </section>
        <section>
          <title value="Tabagisme"/>
          <code>
            <coding>
              <system value="http://loinc.org"/>
              <code value="11367-0"/>
            </coding>
          </code>
          <text>
            <status value="additional"/><div xmlns="http://www.w3.org/1999/xhtml">Tabagisme</div>
          </text>
          <entry>
            <reference value="Observation/ChulTobaccoObservationExample"/>
          </entry>
        </section>
      </Composition>
    </resource>
  </entry>
  <entry>
    <fullUrl value="http://si-s-serv1041/ig/Patient/ChulPatientExample"/>
    <resource>
      <Patient>
        <id value="ChulPatientExample"/>
        <meta>
          <profile value="http://si-s-serv1041.st.chulg/ig/VersUnSouffleNouveauIG/StructureDefinition/ChulPatient"/>
          <profile value="https://www.ehealth.fgov.be/standards/fhir/core/StructureDefinition/be-patient"/>
          <profile value="http://hl7.eu/fhir/laboratory/StructureDefinition/Patient-eu-lab"/>
        </meta>
        <text>
          <status value="generated"/><div xmlns="http://www.w3.org/1999/xhtml"><a name="Patient_ChulPatientExample"> </a><p class="res-header-id"><b>Generated Narrative: Patient ChulPatientExample</b></p><a name="ChulPatientExample"> </a><a name="hcChulPatientExample"> </a><a name="ChulPatientExample-und"> </a><div style="display: inline-block; background-color: #d9e0e7; padding: 6px; margin: 4px; border: 1px solid #8da1b4; border-radius: 5px; line-height: 60%"><p style="margin-bottom: 0px"/><p style="margin-bottom: 0px">Profils: <a href="StructureDefinition-ChulPatient.html">ChulPatient</a>, <a href="https://www.ehealth.fgov.be/standards/fhir/core/2.1.2/StructureDefinition-be-patient.html">BePatient</a>, <a href="http://hl7.eu/fhir/laboratory/0.1.0/StructureDefinition-Patient-eu-lab.html">Patient: Person</a></p></div><p style="border: 1px #661aff solid; background-color: #e6e6ff; padding: 10px;">Patrick Duflot  Male, Date de Naissance :1974-01-22 ( https://terminology.chuliege.be/NamingSystem/numnat#123456A)</p><hr/><table class="grid"><tr><td style="background-color: #f3f5da" title="Other Id (see the one above)">Other Id:</td><td colspan="3"><a href="https://www.ehealth.fgov.be/standards/fhir/core/2.1.2/NamingSystem-be-ssin.html" title="NISS/INSZ">BeSSINNamingSystem</a>/11111111111</td></tr><tr><td style="background-color: #f3f5da" title="Moyens de contacter le Patient">Contact Detail</td><td colspan="3"><ul><li>ph: 04497887145</li><li><a href="mailto:pduflot@chuliege.be">pduflot@chuliege.be</a></li></ul></td></tr></table></div>
        </text>
        <identifier>
          <system value="https://terminology.chuliege.be/NamingSystem/numnat"/>
          <value value="123456A"/>
        </identifier>
        <identifier>
          <system value="https://www.ehealth.fgov.be/standards/fhir/core/NamingSystem/ssin"/>
          <value value="11111111111"/>
        </identifier>
        <name>
          <family value="Duflot"/>
          <given value="Patrick"/>
        </name>
        <telecom>
          <system value="phone"/>
          <value value="04497887145"/>
        </telecom>
        <telecom>
          <system value="email"/>
          <value value="pduflot@chuliege.be"/>
        </telecom>
        <gender value="male"/>
        <birthDate value="1974-01-22"/>
      </Patient>
    </resource>
  </entry>
  <entry>
    <fullUrl value="http://si-s-serv1041/ig/Encounter/EuEncounterExample"/>
    <resource>
      <Encounter>
        <id value="EuEncounterExample"/>
        <meta>
          <profile value="http://hl7.eu/fhir/hdr/StructureDefinition/encounter-eu-hdr"/>
        </meta>
        <text>
          <status value="generated"/><div xmlns="http://www.w3.org/1999/xhtml"><a name="Encounter_EuEncounterExample"> </a><p class="res-header-id"><b>Generated Narrative: Encounter EuEncounterExample</b></p><a name="EuEncounterExample"> </a><a name="hcEuEncounterExample"> </a><a name="EuEncounterExample-und"> </a><div style="display: inline-block; background-color: #d9e0e7; padding: 6px; margin: 4px; border: 1px solid #8da1b4; border-radius: 5px; line-height: 60%"><p style="margin-bottom: 0px"/><p style="margin-bottom: 0px">Profil: <a href="https://build.fhir.org/ig/hl7-eu/hdr/StructureDefinition-encounter-eu-hdr.html">Encounter (HDR)</a></p></div><p><b>status</b>: Finished</p><p><b>class</b>: <a href="http://terminology.hl7.org/6.0.2/CodeSystem-v3-ActCode.html#v3-ActCode-SS">ActCode SS</a>: short stay</p><p><b>subject</b>: <a href="Patient-ChulPatientExample.html">Patrick Duflot  Male, Date de Naissance :1974-01-22 ( https://terminology.chuliege.be/NamingSystem/numnat#123456A)</a></p></div>
        </text>
        <status value="finished"/>
        <class>
          <system value="http://terminology.hl7.org/CodeSystem/v3-ActCode"/>
          <code value="SS"/>
        </class>
        <subject>
          <reference value="Patient/ChulPatientExample"/>
        </subject>
      </Encounter>
    </resource>
  </entry>
  <entry>
    <fullUrl value="http://si-s-serv1041/ig/Condition/ChulPneumoConditionExample"/>
    <resource>
      <Condition>
        <id value="ChulPneumoConditionExample"/>
        <meta>
          <profile value="http://si-s-serv1041.st.chulg/ig/VersUnSouffleNouveauIG/StructureDefinition/ChulPneumoCondition"/>
        </meta>
        <text>
          <status value="generated"/><div xmlns="http://www.w3.org/1999/xhtml"><a name="Condition_ChulPneumoConditionExample"> </a><p class="res-header-id"><b>Generated Narrative: Condition ChulPneumoConditionExample</b></p><a name="ChulPneumoConditionExample"> </a><a name="hcChulPneumoConditionExample"> </a><a name="ChulPneumoConditionExample-und"> </a><div style="display: inline-block; background-color: #d9e0e7; padding: 6px; margin: 4px; border: 1px solid #8da1b4; border-radius: 5px; line-height: 60%"><p style="margin-bottom: 0px"/><p style="margin-bottom: 0px">Profil: <a href="StructureDefinition-ChulPneumoCondition.html">ChulPneumoCondition</a></p></div><p><b>clinicalStatus</b>: <span title="Codes:{http://terminology.hl7.org/CodeSystem/condition-clinical active}">Active</span></p><p><b>code</b>: <span title="Codes:{http://snomed.info/sct 195967001}">Airway hyperreactivity</span></p><p><b>subject</b>: <a href="Patient-ChulPatientExample.html">Patrick Duflot  Male, Date de Naissance :1974-01-22 ( https://terminology.chuliege.be/NamingSystem/numnat#123456A)</a></p></div>
        </text>
        <clinicalStatus>
          <coding>
            <system value="http://terminology.hl7.org/CodeSystem/condition-clinical"/>
            <code value="active"/>
          </coding>
        </clinicalStatus>
        <code>
          <coding>
            <system value="http://snomed.info/sct"/>
            <code value="195967001"/>
          </coding>
        </code>
        <subject>
          <reference value="Patient/ChulPatientExample"/>
        </subject>
      </Condition>
    </resource>
  </entry>
  <entry>
    <fullUrl value="http://si-s-serv1041/ig/Observation/ChulPneumoVitalSignExample"/>
    <resource>
      <Observation>
        <id value="ChulPneumoVitalSignExample"/>
        <meta>
          <profile value="http://si-s-serv1041.st.chulg/ig/VersUnSouffleNouveauIG/StructureDefinition/ChulPneumoVitalSign"/>
        </meta>
        <text>
          <status value="generated"/><div xmlns="http://www.w3.org/1999/xhtml"><a name="Observation_ChulPneumoVitalSignExample"> </a><p class="res-header-id"><b>Generated Narrative: Observation ChulPneumoVitalSignExample</b></p><a name="ChulPneumoVitalSignExample"> </a><a name="hcChulPneumoVitalSignExample"> </a><a name="ChulPneumoVitalSignExample-und"> </a><div style="display: inline-block; background-color: #d9e0e7; padding: 6px; margin: 4px; border: 1px solid #8da1b4; border-radius: 5px; line-height: 60%"><p style="margin-bottom: 0px"/><p style="margin-bottom: 0px">Profil: <a href="StructureDefinition-ChulPneumoVitalSign.html">ChulPneumoVitalSign</a></p></div><p><b>status</b>: Final</p><p><b>category</b>: <span title="Codes:{http://terminology.hl7.org/CodeSystem/observation-category vital-signs}">Vital Signs</span></p><p><b>code</b>: <span title="Codes:{http://loinc.org 29463-7}">Body weight</span></p><p><b>subject</b>: <a href="Patient-ChulPatientExample.html">Patrick Duflot  Male, Date de Naissance :1974-01-22 ( https://terminology.chuliege.be/NamingSystem/numnat#123456A)</a></p><p><b>effective</b>: 2023-10-01</p><p><b>performer</b>: <a href="Practitioner-Physician.html">Practitioner Dr. Jean Toubib</a></p><p><b>value</b>: 80 kg<span style="background: LightGoldenRodYellow"> (Details: UCUM  codekg = 'kg')</span></p></div>
        </text>
        <status value="final"/>
        <category>
          <coding>
            <system value="http://terminology.hl7.org/CodeSystem/observation-category"/>
            <code value="vital-signs"/>
          </coding>
        </category>
        <code>
          <coding>
            <system value="http://loinc.org"/>
            <code value="29463-7"/>
          </coding>
        </code>
        <subject>
          <reference value="Patient/ChulPatientExample"/>
        </subject>
        <effectiveDateTime value="2023-10-01"/>
        <performer>
          <reference value="Practitioner/Physician"/>
        </performer>
        <valueQuantity>
          <value value="80"/>
          <unit value="kg"/>
          <system value="http://unitsofmeasure.org"/>
          <code value="kg"/>
        </valueQuantity>
      </Observation>
    </resource>
  </entry>
  <entry>
    <fullUrl value="http://si-s-serv1041/ig/Observation/ChulEfrObservationExample"/>
    <resource>
      <Observation>
        <id value="ChulEfrObservationExample"/>
        <meta>
          <profile value="http://si-s-serv1041.st.chulg/ig/VersUnSouffleNouveauIG/StructureDefinition/ChulEfrObservation"/>
        </meta>
        <text>
          <status value="generated"/><div xmlns="http://www.w3.org/1999/xhtml"><a name="Observation_ChulEfrObservationExample"> </a><p class="res-header-id"><b>Generated Narrative: Observation ChulEfrObservationExample</b></p><a name="ChulEfrObservationExample"> </a><a name="hcChulEfrObservationExample"> </a><a name="ChulEfrObservationExample-und"> </a><div style="display: inline-block; background-color: #d9e0e7; padding: 6px; margin: 4px; border: 1px solid #8da1b4; border-radius: 5px; line-height: 60%"><p style="margin-bottom: 0px"/><p style="margin-bottom: 0px">Profil: <a href="StructureDefinition-ChulEfrObservation.html">ChulEfrObservation</a></p></div><p><b>partOf</b>: <a href="Procedure-ChulEfrExample.html">Procedure Measurement of respiratory function</a></p><p><b>status</b>: Final</p><p><b>code</b>: <span title="Codes:{http://snomed.info/sct 313222007}">Volume expiratoire maximal par seconde divisé par la capacité vitale forcée</span></p><p><b>subject</b>: <a href="Patient-ChulPatientExample.html">Patrick Duflot  Male, Date de Naissance :1974-01-22 ( https://terminology.chuliege.be/NamingSystem/numnat#123456A)</a></p><p><b>effective</b>: 2025-03-01</p><p><b>performer</b>: <a href="Practitioner-Physician.html">Practitioner Dr. Jean Toubib</a></p><p><b>value</b>: 80 %</p><p><b>derivedFrom</b>: <a href="Observation-ChulEfrObservationSource.html">Observation Tiffeneau</a></p></div>
        </text>
        <partOf>
          <reference value="Procedure/ChulEfrExample"/>
        </partOf>
        <status value="final"/>
        <code>
          <coding>
            <system value="http://snomed.info/sct"/>
            <code value="313222007"/>
            <display value="FEV1/FVC percent"/>
          </coding>
          <text value="Volume expiratoire maximal par seconde divisé par la capacité vitale forcée"/>
        </code>
        <subject>
          <reference value="Patient/ChulPatientExample"/>
        </subject>
        <effectiveDateTime value="2025-03-01"/>
        <performer>
          <reference value="Practitioner/Physician"/>
        </performer>
        <valueQuantity>
          <value value="80"/>
          <unit value="%"/>
        </valueQuantity>
        <derivedFrom>
          <reference value="Observation/ChulEfrObservationSource"/>
        </derivedFrom>
      </Observation>
    </resource>
  </entry>
  <entry>
    <fullUrl value="http://si-s-serv1041/ig/Observation/ChulEfrObservationSource"/>
    <resource>
      <Observation>
        <id value="ChulEfrObservationSource"/>
        <language value="fr-BE"/>
        <text>
          <status value="generated"/><div xmlns="http://www.w3.org/1999/xhtml" xml:lang="fr-BE" lang="fr-BE"><a name="Observation_ChulEfrObservationSource"> </a><p class="res-header-id"><b>Generated Narrative: Observation ChulEfrObservationSource</b></p><a name="ChulEfrObservationSource"> </a><a name="hcChulEfrObservationSource"> </a><a name="ChulEfrObservationSource-und"> </a><div style="display: inline-block; background-color: #d9e0e7; padding: 6px; margin: 4px; border: 1px solid #8da1b4; border-radius: 5px; line-height: 60%"><p style="margin-bottom: 0px">Language: fr-BE</p></div><p><b>status</b>: Final</p><p><b>code</b>: <span title="Codes:{http://terminology.chuliege.be/OmniPro 30040:VTIFF}">Tiffeneau</span></p><p><b>subject</b>: <a href="Patient-ChulPatientExample.html">Patrick Duflot  Male, Date de Naissance :1974-01-22 ( https://terminology.chuliege.be/NamingSystem/numnat#123456A)</a></p><p><b>effective</b>: 2025-03-01</p><p><b>performer</b>: <a href="Practitioner-Physician.html">Practitioner Dr. Jean Toubib</a></p><p><b>value</b>: 80</p></div>
        </text>
        <status value="final"/>
        <code>
          <coding>
            <system value="http://terminology.chuliege.be/OmniPro"/>
            <code value="30040:VTIFF"/>
            <display value="Tiffeneau"/>
          </coding>
        </code>
        <subject>
          <reference value="Patient/ChulPatientExample"/>
        </subject>
        <effectiveDateTime value="2025-03-01"/>
        <performer>
          <reference value="Practitioner/Physician"/>
        </performer>
        <valueQuantity>
          <value value="80"/>
        </valueQuantity>
      </Observation>
    </resource>
  </entry>
  <entry>
    <fullUrl value="http://si-s-serv1041/ig/Observation/ChulTobaccoObservationExample"/>
    <resource>
      <Observation>
        <id value="ChulTobaccoObservationExample"/>
        <meta>
          <profile value="http://si-s-serv1041.st.chulg/ig/VersUnSouffleNouveauIG/StructureDefinition/ChulTobaccoObservation"/>
        </meta>
        <text>
          <status value="generated"/><div xmlns="http://www.w3.org/1999/xhtml"><a name="Observation_ChulTobaccoObservationExample"> </a><p class="res-header-id"><b>Generated Narrative: Observation ChulTobaccoObservationExample</b></p><a name="ChulTobaccoObservationExample"> </a><a name="hcChulTobaccoObservationExample"> </a><a name="ChulTobaccoObservationExample-und"> </a><div style="display: inline-block; background-color: #d9e0e7; padding: 6px; margin: 4px; border: 1px solid #8da1b4; border-radius: 5px; line-height: 60%"><p style="margin-bottom: 0px"/><p style="margin-bottom: 0px">Profil: <a href="StructureDefinition-ChulTobaccoObservation.html">ChulTobaccoObservation</a></p></div><p><b>status</b>: Final</p><p><b>code</b>: <span title="Codes:{http://loinc.org 72166-2}">Tobacco smoking status</span></p><p><b>subject</b>: <a href="Patient-ChulPatientExample.html">Patrick Duflot  Male, Date de Naissance :1974-01-22 ( https://terminology.chuliege.be/NamingSystem/numnat#123456A)</a></p><p><b>effective</b>: 2023-10-01</p><p><b>performer</b>: <a href="Practitioner-Physician.html">Practitioner Dr. Jean Toubib</a></p><p><b>value</b>: <span title="Codes:{http://loinc.org LA18976-3}">Current every day smoker</span></p></div>
        </text>
        <status value="final"/>
        <code>
          <coding>
            <system value="http://loinc.org"/>
            <code value="72166-2"/>
          </coding>
        </code>
        <subject>
          <reference value="Patient/ChulPatientExample"/>
        </subject>
        <effectiveDateTime value="2023-10-01"/>
        <performer>
          <reference value="Practitioner/Physician"/>
        </performer>
        <valueCodeableConcept>
          <coding>
            <system value="http://loinc.org"/>
            <code value="LA18976-3"/>
          </coding>
        </valueCodeableConcept>
      </Observation>
    </resource>
  </entry>
  <entry>
    <fullUrl value="http://si-s-serv1041/ig/Procedure/ChulEfrExample"/>
    <resource>
      <Procedure>
        <id value="ChulEfrExample"/>
        <meta>
          <profile value="http://si-s-serv1041.st.chulg/ig/VersUnSouffleNouveauIG/StructureDefinition/ChulEfr"/>
        </meta>
        <language value="fr-BE"/>
        <text>
          <status value="generated"/><div xmlns="http://www.w3.org/1999/xhtml" xml:lang="fr-BE" lang="fr-BE"><a name="Procedure_ChulEfrExample"> </a><p class="res-header-id"><b>Generated Narrative: Procedure ChulEfrExample</b></p><a name="ChulEfrExample"> </a><a name="hcChulEfrExample"> </a><a name="ChulEfrExample-und"> </a><div style="display: inline-block; background-color: #d9e0e7; padding: 6px; margin: 4px; border: 1px solid #8da1b4; border-radius: 5px; line-height: 60%"><p style="margin-bottom: 0px">Language: fr-BE</p><p style="margin-bottom: 0px">Profil: <a href="StructureDefinition-ChulEfr.html">ChulEfr</a></p></div><p><b>status</b>: Completed</p><p><b>code</b>: <span title="Codes:{http://snomed.info/sct 23426006}">mesure de la fonction respiratoire</span></p><p><b>subject</b>: <a href="Patient-ChulPatientExample.html">Patrick Duflot  Male, Date de Naissance :1974-01-22 ( https://terminology.chuliege.be/NamingSystem/numnat#123456A)</a></p><p><b>encounter</b>: <a href="Encounter-EuEncounterExample.html">Encounter : status = finished; class = short stay (ActCode#SS)</a></p><p><b>performed</b>: 2025-03-01</p><p><b>report</b>: <a href="DiagnosticReport-EfrDiagnosticReport.html">Diagnostic Report for '23426006' for 'Unspecified Subject'</a></p></div>
        </text>
        <status value="completed"/>
        <code>
          <coding>
            <system value="http://snomed.info/sct"/>
            <code value="23426006"/>
            <display value="Measurement of respiratory function"/>
          </coding>
          <text value="mesure de la fonction respiratoire"/>
        </code>
        <subject>
          <reference value="Patient/ChulPatientExample"/>
        </subject>
        <encounter>
          <reference value="Encounter/EuEncounterExample"/>
        </encounter>
        <performedDateTime value="2025-03-01"/>
        <report>
          <reference value="DiagnosticReport/EfrDiagnosticReport"/>
        </report>
      </Procedure>
    </resource>
  </entry>
  <entry>
    <fullUrl value="http://si-s-serv1041/ig/DiagnosticReport/EfrDiagnosticReport"/>
    <resource>
      <DiagnosticReport>
        <id value="EfrDiagnosticReport"/>
        <text>
          <status value="generated"/><div xmlns="http://www.w3.org/1999/xhtml"><a name="DiagnosticReport_EfrDiagnosticReport"> </a><p class="res-header-id"><b>Generated Narrative: DiagnosticReport EfrDiagnosticReport</b></p><a name="EfrDiagnosticReport"> </a><a name="hcEfrDiagnosticReport"> </a><a name="EfrDiagnosticReport-und"> </a><h2><span title="Codes:">23426006</span> </h2><table class="grid"/><p><b>Report Details</b></p><table class="grid"><tr><td><b>Code</b></td><td><b>Valeur</b></td><td><b>Drapeaux</b></td><td><b>When For</b></td></tr><tr><td><a href="Observation-ChulEfrObservationExample.html"><span title="Codes:{http://snomed.info/sct 313222007}">Volume expiratoire maximal par seconde divisé par la capacité vitale forcée</span></a></td><td>80 %</td><td>Final</td><td>2025-03-01</td></tr></table></div>
        </text>
        <status value="final"/>
        <code>
          <coding>
            <code value="23426006"/>
          </coding>
        </code>
        <result>
          <reference value="Observation/ChulEfrObservationExample"/>
        </result>
      </DiagnosticReport>
    </resource>
  </entry>
  <entry>
    <fullUrl value="http://si-s-serv1041/ig/Organization/GSI"/>
    <resource>
      <Organization>
        <id value="GSI"/>
        <meta>
          <profile value="http://hl7.org/fhir/uv/ips/StructureDefinition/Organization-uv-ips"/>
        </meta>
        <text>
          <status value="generated"/><div xmlns="http://www.w3.org/1999/xhtml"><a name="Organization_GSI"> </a><p class="res-header-id"><b>Generated Narrative: Organization GSI</b></p><a name="GSI"> </a><a name="hcGSI"> </a><a name="GSI-und"> </a><div style="display: inline-block; background-color: #d9e0e7; padding: 6px; margin: 4px; border: 1px solid #8da1b4; border-radius: 5px; line-height: 60%"><p style="margin-bottom: 0px"/><p style="margin-bottom: 0px">Profil: <a href="https://build.fhir.org/ig/HL7/fhir-ips/StructureDefinition-Organization-uv-ips.html">Organization (IPS)</a></p></div><p><b>name</b>: GSI tests</p></div>
        </text>
        <name value="GSI tests"/>
      </Organization>
    </resource>
  </entry>
  <entry>
    <fullUrl value="http://si-s-serv1041/ig/Practitioner/Physician"/>
    <resource>
      <Practitioner>
        <id value="Physician"/>
        <text>
          <status value="generated"/><div xmlns="http://www.w3.org/1999/xhtml"><a name="Practitioner_Physician"> </a><p class="res-header-id"><b>Generated Narrative: Practitioner Physician</b></p><a name="Physician"> </a><a name="hcPhysician"> </a><a name="Physician-und"> </a><p><b>name</b>: Dr. Jean Toubib</p></div>
        </text>
        <name>
          <text value="Dr. Jean Toubib"/>
        </name>
      </Practitioner>
    </resource>
  </entry>
</Bundle>