<?xml version="1.0" encoding="UTF-8"?>

<Composition xmlns="http://hl7.org/fhir">
  <id value="VunsPneumoCompositionExample"/>
  <meta>
    <profile value="http://si-s-serv1041.st.chulg/ig/VersUnSouffleNouveauIG/StructureDefinition/VunsPneumoComposition"/>
  </meta>
  <text>
    <status value="generated"/><div xmlns="http://www.w3.org/1999/xhtml"><p class="res-header-id"><b>Generated Narrative: Composition VunsPneumoCompositionExample</b></p><a name="VunsPneumoCompositionExample"> </a><a name="hcVunsPneumoCompositionExample"> </a><a name="VunsPneumoCompositionExample-und"> </a><div style="display: inline-block; background-color: #d9e0e7; padding: 6px; margin: 4px; border: 1px solid #8da1b4; border-radius: 5px; line-height: 60%"><p style="margin-bottom: 0px"/><p style="margin-bottom: 0px">Profil: <a href="StructureDefinition-VunsPneumoComposition.html">VunsPneumoComposition</a></p></div><p><b>status</b>: Final</p><p><b>type</b>: <span title="Codes:{http://loinc.org 34105-7}">Hospital Discharge summary</span></p><p><b>date</b>: 2025-03-01</p><p><b>author</b>: <a href="Bundle-VunsPneumoBundleExample.html#Organization_GSI">Bundle : identifier = https://terminology.chuliege.be/NamingSystem/global#SampleBundle01; type = document; timestamp = 2025-03-01 12:00:00+0100</a></p><p><b>title</b>: Exemple de composition en pneumologie dans le cadre du projet Vers Un Souffle Nouveau</p></div>
  </text>
  <status value="final"/>
  <type>
    <coding>
      <system value="http://loinc.org"/>
      <code value="34105-7"/>
      <display value="Hospital Discharge summary"/>
    </coding>
  </type>
  <subject>
    <reference value="Patient/VunsPatientExample"/>
  </subject>
  <date value="2025-03-01"/>
  <author>
    <reference value="Organization/GSI"/>
  </author>
  <title value="Exemple de composition en pneumologie dans le cadre du projet Vers Un Souffle Nouveau"/>
  <section>
    <title value="Paramètres de référence"/>
    <code>
      <coding>
        <system value="http://loinc.org"/>
        <code value="8716-3"/>
      </coding>
    </code>
    <text>
      <status value="additional"/><div xmlns="http://www.w3.org/1999/xhtml">Paramètres vitaux</div>
    </text>
    <entry>
      <reference value="Observation/VunsPneumoVitalSignExample"/>
    </entry>
  </section>
  <section>
    <title value="Exemple de titre en pneumologie"/>
    <code>
      <coding>
        <system value="http://loinc.org"/>
        <code value="8648-8"/>
      </coding>
    </code>
    <text>
      <status value="additional"/><div xmlns="http://www.w3.org/1999/xhtml">Exemple de rapport en pneumologie</div>
    </text>
  </section>
  <section>
    <title value="Diagnostic primaire"/>
    <code>
      <coding>
        <system value="http://loinc.org"/>
        <code value="11535-2"/>
      </coding>
    </code>
    <text>
      <status value="additional"/><div xmlns="http://www.w3.org/1999/xhtml">Diagnostic</div>
    </text>
    <entry>
      <reference value="Condition/VunsPneumoConditionExample"/>
    </entry>
  </section>
  <section>
    <title value="Historique des épreuves fonctionnelles respiratoires"/>
    <code>
      <coding>
        <system value="http://loinc.org"/>
        <code value="10185-7"/>
      </coding>
    </code>
    <text>
      <status value="empty"/><div xmlns="http://www.w3.org/1999/xhtml">EFR</div>
    </text>
    <entry>
      <reference value="Procedure/VunsEfrExample"/>
    </entry>
  </section>
  <section>
    <title value="Tabagisme"/>
    <code>
      <coding>
        <system value="http://loinc.org"/>
        <code value="11367-0"/>
      </coding>
    </code>
    <text>
      <status value="additional"/><div xmlns="http://www.w3.org/1999/xhtml">Tabagisme</div>
    </text>
    <entry>
      <reference value="Observation/VunsTobaccoObservationExample"/>
    </entry>
  </section>
</Composition>