<?xml version="1.0" encoding="UTF-8"?>

<Observation xmlns="http://hl7.org/fhir">
  <id value="ChulPneumoBioExample"/>
  <meta>
    <profile value="http://hl7.eu/fhir/laboratory/StructureDefinition/Observation-resultslab-eu-lab"/>
  </meta>
  <text>
    <status value="generated"/><div xmlns="http://www.w3.org/1999/xhtml"><p class="res-header-id"><b>Generated Narrative: Observation ChulPneumoBioExample</b></p><a name="ChulPneumoBioExample"> </a><a name="hcChulPneumoBioExample"> </a><a name="ChulPneumoBioExample-und"> </a><div style="display: inline-block; background-color: #d9e0e7; padding: 6px; margin: 4px; border: 1px solid #8da1b4; border-radius: 5px; line-height: 60%"><p style="margin-bottom: 0px"/><p style="margin-bottom: 0px">Profil: <a href="http://hl7.eu/fhir/laboratory/0.1.0/StructureDefinition-Observation-resultslab-eu-lab.html">Observation Results: laboratory</a></p></div><p><b>status</b>: Final</p><p><b>category</b>: <span title="Codes:{http://terminology.hl7.org/CodeSystem/observation-category laboratory}">Laboratory</span></p><p><b>code</b>: <span title="Codes:{http://loinc.org 38483-4}">Creatinine [Mass/volume] in Blood</span></p><p><b>subject</b>: <a href="Patient-ChulLabPatientExample.html">Patrick Duflot  Male, Date de Naissance :1974-01-22 ( https://terminology.chuliege.be/NamingSystem/numnat#123456A)</a></p><p><b>effective</b>: 2025-03-01</p><p><b>performer</b>: <a href="Organization-ChuLabo.html">Organization CHU Labo</a></p><p><b>value</b>: 1.8 mg/dL<span style="background: LightGoldenRodYellow"> (Details: UCUM  codemg/dL = 'mg/dL')</span></p></div>
  </text>
  <status value="final"/>
  <category>
    <coding>
      <system value="http://terminology.hl7.org/CodeSystem/observation-category"/>
      <code value="laboratory"/>
    </coding>
  </category>
  <code>
    <coding>
      <system value="http://loinc.org"/>
      <code value="38483-4"/>
    </coding>
  </code>
  <subject>
    <reference value="Patient/ChulLabPatientExample"/>
  </subject>
  <effectiveDateTime value="2025-03-01"/>
  <performer>
    <reference value="Organization/ChuLabo"/>
  </performer>
  <valueQuantity>
    <value value="1.8"/>
    <system value="http://unitsofmeasure.org"/>
    <code value="mg/dL"/>
  </valueQuantity>
</Observation>