<?xml version="1.0" encoding="UTF-8"?>

<Observation xmlns="http://hl7.org/fhir">
  <id value="ChulEfrObservationExample"/>
  <meta>
    <profile value="http://si-s-serv1041.st.chulg/ig/VersUnSouffleNouveauIG/StructureDefinition/ChulEfrObservation"/>
  </meta>
  <text>
    <status value="generated"/><div xmlns="http://www.w3.org/1999/xhtml"><p class="res-header-id"><b>Generated Narrative: Observation ChulEfrObservationExample</b></p><a name="ChulEfrObservationExample"> </a><a name="hcChulEfrObservationExample"> </a><a name="ChulEfrObservationExample-und"> </a><div style="display: inline-block; background-color: #d9e0e7; padding: 6px; margin: 4px; border: 1px solid #8da1b4; border-radius: 5px; line-height: 60%"><p style="margin-bottom: 0px"/><p style="margin-bottom: 0px">Profil: <a href="StructureDefinition-ChulEfrObservation.html">ChulEfrObservation</a></p></div><p><b>partOf</b>: <a href="Procedure-ChulEfrExample.html">Procedure Measurement of respiratory function</a></p><p><b>status</b>: Final</p><p><b>code</b>: <span title="Codes:{http://snomed.info/sct 313222007}">Volume expiratoire maximal par seconde divisé par la capacité vitale forcée</span></p><p><b>subject</b>: <a href="Patient-ChulPatientExample.html">Patrick Duflot  Male, Date de Naissance :1974-01-22 ( https://terminology.chuliege.be/NamingSystem/numnat#123456A)</a></p><p><b>effective</b>: 2025-03-01</p><p><b>performer</b>: <a href="Practitioner-Physician.html">Practitioner Dr. Jean Toubib</a></p><p><b>value</b>: 80 %</p><p><b>derivedFrom</b>: <a href="Observation-ChulEfrObservationSource.html">Observation Tiffeneau</a></p></div>
  </text>
  <partOf>
    <reference value="Procedure/ChulEfrExample"/>
  </partOf>
  <status value="final"/>
  <code>
    <coding>
      <system value="http://snomed.info/sct"/>
      <code value="313222007"/>
      <display value="FEV1/FVC percent"/>
    </coding>
    <text value="Volume expiratoire maximal par seconde divisé par la capacité vitale forcée"/>
  </code>
  <subject>
    <reference value="Patient/ChulPatientExample"/>
  </subject>
  <effectiveDateTime value="2025-03-01"/>
  <performer>
    <reference value="Practitioner/Physician"/>
  </performer>
  <valueQuantity>
    <value value="80"/>
    <unit value="%"/>
  </valueQuantity>
  <derivedFrom>
    <reference value="Observation/ChulEfrObservationSource"/>
  </derivedFrom>
</Observation>