<?xml version="1.0" encoding="UTF-8"?>

<ValueSet xmlns="http://hl7.org/fhir">
  <id value="i2x-efr"/>
  <text>
    <status value="generated"/><div xmlns="http://www.w3.org/1999/xhtml"><p class="res-header-id"><b>Generated Narrative: ValueSet i2x-efr</b></p><a name="i2x-efr"> </a><a name="hci2x-efr"> </a><a name="i2x-efr-und"> </a><ul><li>Include ces codes sont définis dans <a href="http://loinc.org"><code>http://loinc.org</code></a><table class="none"><tr><td style="white-space:nowrap"><b>Code</b></td><td><b>Display</b></td></tr><tr><td><a href="https://loinc.org/19876-2/">19876-2</a></td><td>Forced vital capacity by Spirometry --pre bronchodilation</td></tr><tr><td><a href="https://loinc.org/20157-4/">20157-4</a></td><td>FEV1 --pre bronchodilation</td></tr><tr><td><a href="https://loinc.org/81450-9/">81450-9</a></td><td>Total lung capacity --pre bronchodilation</td></tr><tr><td><a href="https://loinc.org/19926-5/">19926-5</a></td><td>FEV1/FVC</td></tr><tr><td><a href="https://loinc.org/19871-3/">19871-3</a></td><td>FVC pre bronchodilation measured/predicted</td></tr><tr><td><a href="https://loinc.org/20152-5/">20152-5</a></td><td>FEV1 measured/predicted</td></tr><tr><td><a href="https://loinc.org/89085-5/">89085-5</a></td><td>Total lung capacity/Predicted total lung capacity</td></tr><tr><td><a href="https://loinc.org/81454-1/">81454-1</a></td><td>Residual volume/Total capacity --pre bronchodilation</td></tr><tr><td><a href="https://loinc.org/43252-6/">43252-6</a></td><td>Residual volume/Total capacity predicted</td></tr><tr><td><a href="https://loinc.org/98130-8/">98130-8</a></td><td>Diffusion capacity.carbon monoxide/Predicted</td></tr><tr><td><a href="https://loinc.org/98203-3/">98203-3</a></td><td>(Diffusion capacity/Alveolar volume)/predicted</td></tr></table></li></ul></div>
  </text>
  <url value="http://si-s-serv1041.st.chulg/ig/VersUnSouffleNouveauIG/ValueSet/i2x-efr"/>
  <version value="0.1.1"/>
  <name value="EFR_VS"/>
  <title value="Jeu d'observations d'une épreuve fonctionnelle respiratoire"/>
  <status value="draft"/>
  <date value="2025-04-14"/>
  <publisher value="CHU Liège"/>
  <contact>
    <name value="CHU Liège"/>
    <telecom>
      <system value="url"/>
      <value value="http://www.chuliege.be"/>
    </telecom>
  </contact>
  <description value="Jeu d'bservations d'une épreuve fonctionnelle respiratoire"/>
  <copyright value="RM@H IG (C) 2025-2025 University Hospital of Liege, GSI Department, Belgium. This implementation guide is free software: you can redistribute it and/or modify it under the terms of the GNU General Public License as published by the Free Software Foundation, either version 3 of the License, or (at your option) any later version. This program is distributed in the hope that it will be useful, but WITHOUT ANY WARRANTY; without even the implied warranty of MERCHANTABILITY or FITNESS FOR A PARTICULAR PURPOSE. See the GNU General Public License for more details. You should have received a copy of the GNU General Public License along with this program. If not, see &lt;http://www.gnu.org/licenses/&gt;."/>
  <compose>
    <include>
      <system value="http://loinc.org"/>
      <concept>
        <code value="19876-2"/>
        <display value="Forced vital capacity by Spirometry --pre bronchodilation"/>
      </concept>
      <concept>
        <code value="20157-4"/>
        <display value="FEV1 --pre bronchodilation"/>
      </concept>
      <concept>
        <code value="81450-9"/>
        <display value="Total lung capacity --pre bronchodilation"/>
      </concept>
      <concept>
        <code value="19926-5"/>
        <display value="FEV1/FVC"/>
      </concept>
      <concept>
        <code value="19871-3"/>
        <display value="FVC pre bronchodilation measured/predicted"/>
      </concept>
      <concept>
        <code value="20152-5"/>
        <display value="FEV1 measured/predicted"/>
      </concept>
      <concept>
        <code value="89085-5"/>
        <display value="Total lung capacity/Predicted total lung capacity"/>
      </concept>
      <concept>
        <code value="81454-1"/>
        <display value="Residual volume/Total capacity --pre bronchodilation"/>
      </concept>
      <concept>
        <code value="43252-6"/>
        <display value="Residual volume/Total capacity predicted"/>
      </concept>
      <concept>
        <code value="98130-8"/>
        <display value="Diffusion capacity.carbon monoxide/Predicted"/>
      </concept>
      <concept>
        <code value="98203-3"/>
        <display value="(Diffusion capacity/Alveolar volume)/predicted"/>
      </concept>
    </include>
  </compose>
</ValueSet>