<?xml version="1.0" encoding="UTF-8"?>

<ValueSet xmlns="http://hl7.org/fhir">
  <id value="i2x-tabac"/>
  <text>
    <status value="generated"/><div xmlns="http://www.w3.org/1999/xhtml"><p class="res-header-id"><b>Generated Narrative: ValueSet i2x-tabac</b></p><a name="i2x-tabac"> </a><a name="hci2x-tabac"> </a><a name="i2x-tabac-und"> </a><ul><li>Include ces codes sont définis dans <a href="http://loinc.org"><code>http://loinc.org</code></a><table class="none"><tr><td style="white-space:nowrap"><b>Code</b></td><td><b>Display</b></td></tr><tr><td><a href="https://loinc.org/72166-2/">72166-2</a></td><td>Tabagisme actuel</td></tr><tr><td><a href="https://loinc.org/74011-8/">74011-8</a></td><td>Nombre de cigarettes fumées par jour</td></tr><tr><td><a href="https://loinc.org/88029-4/">88029-4</a></td><td>Nombre d'années de tabagisme</td></tr></table></li></ul></div>
  </text>
  <url value="http://si-s-serv1041.st.chulg/ig/VersUnSouffleNouveauIG/ValueSet/i2x-tabac"/>
  <version value="0.1.0"/>
  <name value="TABAC_VS"/>
  <title value="Jeu de concept de tabacologie"/>
  <status value="draft"/>
  <date value="2025-05-27T16:55:56+02:00"/>
  <publisher value="CHU Liège"/>
  <contact>
    <name value="CHU Liège"/>
    <telecom>
      <system value="url"/>
      <value value="http://www.chuliege.be"/>
    </telecom>
  </contact>
  <description value="Jeu de concept de tabacologie"/>
  <compose>
    <include>
      <system value="http://loinc.org"/>
      <concept>
        <code value="72166-2"/>
        <display value="Tabagisme actuel"/>
      </concept>
      <concept>
        <code value="74011-8"/>
        <display value="Nombre de cigarettes fumées par jour"/>
      </concept>
      <concept>
        <code value="88029-4"/>
        <display value="Nombre d'années de tabagisme"/>
      </concept>
    </include>
  </compose>
</ValueSet>