<?xml version="1.0" encoding="UTF-8"?><ImplementationGuide xmlns="http://hl7.org/fhir"><id value="be.chuliege.versunsoufflenouveau"/><language value="fr-BE"/><text><status value="generated"/><div xmlns="http://www.w3.org/1999/xhtml" xml:lang="fr-BE" lang="fr-BE"><p class="res-header-id"><b>Generated Narrative: ImplementationGuide be.chuliege.versunsoufflenouveau</b></p><a name="be.chuliege.versunsoufflenouveau"> </a><a name="hcbe.chuliege.versunsoufflenouveau"> </a><a name="be.chuliege.versunsoufflenouveau-und"> </a><div style="display: inline-block; background-color: #d9e0e7; padding: 6px; margin: 4px; border: 1px solid #8da1b4; border-radius: 5px; line-height: 60%"><p style="margin-bottom: 0px">Language: fr-BE</p></div><h2>SouffleNouveauIG</h2><p>LURL officielle pour ce guide dimplémentation est : </p><pre>http://si-s-serv1041.st.chulg/ig/VersUnSouffleNouveauIG/ImplementationGuide/be.chuliege.versunsoufflenouveau</pre></div></text><url value="http://si-s-serv1041.st.chulg/ig/VersUnSouffleNouveauIG/ImplementationGuide/be.chuliege.versunsoufflenouveau"/><version value="0.1.0"/><name value="SouffleNouveauIG"/><status value="draft"/><date value="2025-04-09T15:00:50+02:00"/><publisher value="CHU Liège"/><contact><name value="CHU Liège"/><telecom><system value="url"/><value value="http://www.chuliege.be"/></telecom></contact><packageId value="be.chuliege.versunsoufflenouveau"/><license value="CC0-1.0"/><fhirVersion value="4.0.1"/><dependsOn id="hl7tx"><extension url="http://hl7.org/fhir/tools/StructureDefinition/implementationguide-dependency-comment"><valueMarkdown value="Automatically added as a dependency - all IGs depend on HL7 Terminology"/></extension><uri value="http://terminology.hl7.org/ImplementationGuide/hl7.terminology"/><packageId value="hl7.terminology.r4"/><version value="6.2.0"/></dependsOn><dependsOn id="hl7ext"><extension url="http://hl7.org/fhir/tools/StructureDefinition/implementationguide-dependency-comment"><valueMarkdown value="Automatically added as a dependency - all IGs depend on the HL7 Extension Pack"/></extension><uri value="http://hl7.org/fhir/extensions/ImplementationGuide/hl7.fhir.uv.extensions"/><packageId value="hl7.fhir.uv.extensions.r4"/><version value="5.2.0"/></dependsOn><dependsOn id="hl7_fhir_be_core"><uri value="https://www.ehealth.fgov.be/standards/fhir/core/ImplementationGuide/hl7.fhir.be.core"/><packageId value="hl7.fhir.be.core"/><version value="2.1.2"/></dependsOn><dependsOn id="hl7_fhir_eu_base_r4"><uri value="http://hl7.eu/fhir/base/ImplementationGuide/hl7.fhir.eu.base.r4"/><packageId value="hl7.fhir.eu.base.r4"/><version value="0.0.1-ci"/></dependsOn><dependsOn id="hl7_fhir_eu_hdr"><uri value="http://hl7.eu/fhir/hdr/ImplementationGuide/hl7.fhir.eu.hdr"/><packageId value="hl7.fhir.eu.hdr"/><version value="0.0.1-ci"/></dependsOn><dependsOn id="hl7_fhir_uv_ips"><uri value="http://hl7.org/fhir/uv/ips/ImplementationGuide/hl7.fhir.uv.ips"/><packageId value="hl7.fhir.uv.ips"/><version value="1.1.0"/></dependsOn><dependsOn id="hl7_fhir_eu_laboratory"><uri value="http://hl7.eu/fhir/laboratory/ImplementationGuide/hl7.fhir.eu.laboratory"/><packageId value="hl7.fhir.eu.laboratory"/><version value="0.1.0"/></dependsOn><definition><extension url="http://hl7.org/fhir/tools/StructureDefinition/ig-parameter"><extension url="code"><valueString value="copyrightyear"/></extension><extension url="value"><valueString value="2025+"/></extension></extension><extension url="http://hl7.org/fhir/tools/StructureDefinition/ig-parameter"><extension url="code"><valueString value="releaselabel"/></extension><extension url="value"><valueString value="ci-build"/></extension></extension><extension url="http://hl7.org/fhir/tools/StructureDefinition/ig-parameter"><extension url="code"><valueString value="autoload-resources"/></extension><extension url="value"><valueString value="true"/></extension></extension><extension url="http://hl7.org/fhir/tools/StructureDefinition/ig-parameter"><extension url="code"><valueString value="path-liquid"/></extension><extension url="value"><valueString value="template/liquid"/></extension></extension><extension url="http://hl7.org/fhir/tools/StructureDefinition/ig-parameter"><extension url="code"><valueString value="path-liquid"/></extension><extension url="value"><valueString value="input/liquid"/></extension></extension><extension url="http://hl7.org/fhir/tools/StructureDefinition/ig-parameter"><extension url="code"><valueString value="path-qa"/></extension><extension url="value"><valueString value="temp/qa"/></extension></extension><extension url="http://hl7.org/fhir/tools/StructureDefinition/ig-parameter"><extension url="code"><valueString value="path-temp"/></extension><extension url="value"><valueString value="temp/pages"/></extension></extension><extension url="http://hl7.org/fhir/tools/StructureDefinition/ig-parameter"><extension url="code"><valueString value="path-output"/></extension><extension url="value"><valueString value="output"/></extension></extension><extension url="http://hl7.org/fhir/tools/StructureDefinition/ig-parameter"><extension url="code"><valueString value="path-suppressed-warnings"/></extension><extension url="value"><valueString value="input/ignoreWarnings.txt"/></extension></extension><extension url="http://hl7.org/fhir/tools/StructureDefinition/ig-parameter"><extension url="code"><valueString value="path-history"/></extension><extension url="value"><valueString value="http://si-s-serv1041.st.chulg/ig/VersUnSouffleNouveauIG/history.html"/></extension></extension><extension url="http://hl7.org/fhir/tools/StructureDefinition/ig-parameter"><extension url="code"><valueString value="template-html"/></extension><extension url="value"><valueString value="template-page.html"/></extension></extension><extension url="http://hl7.org/fhir/tools/StructureDefinition/ig-parameter"><extension url="code"><valueString value="template-md"/></extension><extension url="value"><valueString value="template-page-md.html"/></extension></extension><extension url="http://hl7.org/fhir/tools/StructureDefinition/ig-parameter"><extension url="code"><valueString value="apply-contact"/></extension><extension url="value"><valueString value="true"/></extension></extension><extension url="http://hl7.org/fhir/tools/StructureDefinition/ig-parameter"><extension url="code"><valueString value="apply-context"/></extension><extension url="value"><valueString value="true"/></extension></extension><extension url="http://hl7.org/fhir/tools/StructureDefinition/ig-parameter"><extension url="code"><valueString value="apply-copyright"/></extension><extension url="value"><valueString value="true"/></extension></extension><extension url="http://hl7.org/fhir/tools/StructureDefinition/ig-parameter"><extension url="code"><valueString value="apply-jurisdiction"/></extension><extension url="value"><valueString value="true"/></extension></extension><extension url="http://hl7.org/fhir/tools/StructureDefinition/ig-parameter"><extension url="code"><valueString value="apply-license"/></extension><extension url="value"><valueString value="true"/></extension></extension><extension url="http://hl7.org/fhir/tools/StructureDefinition/ig-parameter"><extension url="code"><valueString value="apply-publisher"/></extension><extension url="value"><valueString value="true"/></extension></extension><extension url="http://hl7.org/fhir/tools/StructureDefinition/ig-parameter"><extension url="code"><valueString value="apply-version"/></extension><extension url="value"><valueString value="true"/></extension></extension><extension url="http://hl7.org/fhir/tools/StructureDefinition/ig-parameter"><extension url="code"><valueString value="apply-wg"/></extension><extension url="value"><valueString value="true"/></extension></extension><extension url="http://hl7.org/fhir/tools/StructureDefinition/ig-parameter"><extension url="code"><valueString value="active-tables"/></extension><extension url="value"><valueString value="true"/></extension></extension><extension url="http://hl7.org/fhir/tools/StructureDefinition/ig-parameter"><extension url="code"><valueString value="fmm-definition"/></extension><extension url="value"><valueString value="http://hl7.org/fhir/versions.html#maturity"/></extension></extension><extension url="http://hl7.org/fhir/tools/StructureDefinition/ig-parameter"><extension url="code"><valueString value="propagate-status"/></extension><extension url="value"><valueString value="true"/></extension></extension><extension url="http://hl7.org/fhir/tools/StructureDefinition/ig-parameter"><extension url="code"><valueString value="excludelogbinaryformat"/></extension><extension url="value"><valueString value="true"/></extension></extension><extension url="http://hl7.org/fhir/tools/StructureDefinition/ig-parameter"><extension url="code"><valueString value="tabbed-snapshots"/></extension><extension url="value"><valueString value="true"/></extension></extension><extension url="http://hl7.org/fhir/tools/StructureDefinition/ig-internal-dependency"><valueCode value="hl7.fhir.uv.tools.r4#0.4.1"/></extension><extension url="http://hl7.org/fhir/tools/StructureDefinition/ig-parameter"><extension url="code"><valueCode value="copyrightyear"/></extension><extension url="value"><valueString value="2025+"/></extension></extension><extension url="http://hl7.org/fhir/tools/StructureDefinition/ig-parameter"><extension url="code"><valueCode value="releaselabel"/></extension><extension url="value"><valueString value="ci-build"/></extension></extension><extension url="http://hl7.org/fhir/tools/StructureDefinition/ig-parameter"><extension url="code"><valueCode value="autoload-resources"/></extension><extension url="value"><valueString value="true"/></extension></extension><extension url="http://hl7.org/fhir/tools/StructureDefinition/ig-parameter"><extension url="code"><valueCode value="path-liquid"/></extension><extension url="value"><valueString value="template/liquid"/></extension></extension><extension url="http://hl7.org/fhir/tools/StructureDefinition/ig-parameter"><extension url="code"><valueCode value="path-liquid"/></extension><extension url="value"><valueString value="input/liquid"/></extension></extension><extension url="http://hl7.org/fhir/tools/StructureDefinition/ig-parameter"><extension url="code"><valueCode value="path-qa"/></extension><extension url="value"><valueString value="temp/qa"/></extension></extension><extension url="http://hl7.org/fhir/tools/StructureDefinition/ig-parameter"><extension url="code"><valueCode value="path-temp"/></extension><extension url="value"><valueString value="temp/pages"/></extension></extension><extension url="http://hl7.org/fhir/tools/StructureDefinition/ig-parameter"><extension url="code"><valueCode value="path-output"/></extension><extension url="value"><valueString value="output"/></extension></extension><extension url="http://hl7.org/fhir/tools/StructureDefinition/ig-parameter"><extension url="code"><valueCode value="path-suppressed-warnings"/></extension><extension url="value"><valueString value="input/ignoreWarnings.txt"/></extension></extension><extension url="http://hl7.org/fhir/tools/StructureDefinition/ig-parameter"><extension url="code"><valueCode value="path-history"/></extension><extension url="value"><valueString value="http://si-s-serv1041.st.chulg/ig/VersUnSouffleNouveauIG/history.html"/></extension></extension><extension url="http://hl7.org/fhir/tools/StructureDefinition/ig-parameter"><extension url="code"><valueCode value="template-html"/></extension><extension url="value"><valueString value="template-page.html"/></extension></extension><extension url="http://hl7.org/fhir/tools/StructureDefinition/ig-parameter"><extension url="code"><valueCode value="template-md"/></extension><extension url="value"><valueString value="template-page-md.html"/></extension></extension><extension url="http://hl7.org/fhir/tools/StructureDefinition/ig-parameter"><extension url="code"><valueCode value="apply-contact"/></extension><extension url="value"><valueString value="true"/></extension></extension><extension url="http://hl7.org/fhir/tools/StructureDefinition/ig-parameter"><extension url="code"><valueCode value="apply-context"/></extension><extension url="value"><valueString value="true"/></extension></extension><extension url="http://hl7.org/fhir/tools/StructureDefinition/ig-parameter"><extension url="code"><valueCode value="apply-copyright"/></extension><extension url="value"><valueString value="true"/></extension></extension><extension url="http://hl7.org/fhir/tools/StructureDefinition/ig-parameter"><extension url="code"><valueCode value="apply-jurisdiction"/></extension><extension url="value"><valueString value="true"/></extension></extension><extension url="http://hl7.org/fhir/tools/StructureDefinition/ig-parameter"><extension url="code"><valueCode value="apply-license"/></extension><extension url="value"><valueString value="true"/></extension></extension><extension url="http://hl7.org/fhir/tools/StructureDefinition/ig-parameter"><extension url="code"><valueCode value="apply-publisher"/></extension><extension url="value"><valueString value="true"/></extension></extension><extension url="http://hl7.org/fhir/tools/StructureDefinition/ig-parameter"><extension url="code"><valueCode value="apply-version"/></extension><extension url="value"><valueString value="true"/></extension></extension><extension url="http://hl7.org/fhir/tools/StructureDefinition/ig-parameter"><extension url="code"><valueCode value="apply-wg"/></extension><extension url="value"><valueString value="true"/></extension></extension><extension url="http://hl7.org/fhir/tools/StructureDefinition/ig-parameter"><extension url="code"><valueCode value="active-tables"/></extension><extension url="value"><valueString value="true"/></extension></extension><extension url="http://hl7.org/fhir/tools/StructureDefinition/ig-parameter"><extension url="code"><valueCode value="fmm-definition"/></extension><extension url="value"><valueString value="http://hl7.org/fhir/versions.html#maturity"/></extension></extension><extension url="http://hl7.org/fhir/tools/StructureDefinition/ig-parameter"><extension url="code"><valueCode value="propagate-status"/></extension><extension url="value"><valueString value="true"/></extension></extension><extension url="http://hl7.org/fhir/tools/StructureDefinition/ig-parameter"><extension url="code"><valueCode value="excludelogbinaryformat"/></extension><extension url="value"><valueString value="true"/></extension></extension><extension url="http://hl7.org/fhir/tools/StructureDefinition/ig-parameter"><extension url="code"><valueCode value="tabbed-snapshots"/></extension><extension url="value"><valueString value="true"/></extension></extension><extension url="http://hl7.org/fhir/tools/StructureDefinition/ig-parameter"><extension url="code"><valueCode value="copyrightyear"/></extension><extension url="value"><valueString value="2025+"/></extension></extension><extension url="http://hl7.org/fhir/tools/StructureDefinition/ig-parameter"><extension url="code"><valueCode value="releaselabel"/></extension><extension url="value"><valueString value="ci-build"/></extension></extension><extension url="http://hl7.org/fhir/tools/StructureDefinition/ig-parameter"><extension url="code"><valueCode value="autoload-resources"/></extension><extension url="value"><valueString value="true"/></extension></extension><extension url="http://hl7.org/fhir/tools/StructureDefinition/ig-parameter"><extension url="code"><valueCode value="path-liquid"/></extension><extension url="value"><valueString value="template/liquid"/></extension></extension><extension url="http://hl7.org/fhir/tools/StructureDefinition/ig-parameter"><extension url="code"><valueCode value="path-liquid"/></extension><extension url="value"><valueString value="input/liquid"/></extension></extension><extension url="http://hl7.org/fhir/tools/StructureDefinition/ig-parameter"><extension url="code"><valueCode value="path-qa"/></extension><extension url="value"><valueString value="temp/qa"/></extension></extension><extension url="http://hl7.org/fhir/tools/StructureDefinition/ig-parameter"><extension url="code"><valueCode value="path-temp"/></extension><extension url="value"><valueString value="temp/pages"/></extension></extension><extension url="http://hl7.org/fhir/tools/StructureDefinition/ig-parameter"><extension url="code"><valueCode value="path-output"/></extension><extension url="value"><valueString value="output"/></extension></extension><extension url="http://hl7.org/fhir/tools/StructureDefinition/ig-parameter"><extension url="code"><valueCode value="path-suppressed-warnings"/></extension><extension url="value"><valueString value="input/ignoreWarnings.txt"/></extension></extension><extension url="http://hl7.org/fhir/tools/StructureDefinition/ig-parameter"><extension url="code"><valueCode value="path-history"/></extension><extension url="value"><valueString value="http://si-s-serv1041.st.chulg/ig/VersUnSouffleNouveauIG/history.html"/></extension></extension><extension url="http://hl7.org/fhir/tools/StructureDefinition/ig-parameter"><extension url="code"><valueCode value="template-html"/></extension><extension url="value"><valueString value="template-page.html"/></extension></extension><extension url="http://hl7.org/fhir/tools/StructureDefinition/ig-parameter"><extension url="code"><valueCode value="template-md"/></extension><extension url="value"><valueString value="template-page-md.html"/></extension></extension><extension url="http://hl7.org/fhir/tools/StructureDefinition/ig-parameter"><extension url="code"><valueCode value="apply-contact"/></extension><extension url="value"><valueString value="true"/></extension></extension><extension url="http://hl7.org/fhir/tools/StructureDefinition/ig-parameter"><extension url="code"><valueCode value="apply-context"/></extension><extension url="value"><valueString value="true"/></extension></extension><extension url="http://hl7.org/fhir/tools/StructureDefinition/ig-parameter"><extension url="code"><valueCode value="apply-copyright"/></extension><extension url="value"><valueString value="true"/></extension></extension><extension url="http://hl7.org/fhir/tools/StructureDefinition/ig-parameter"><extension url="code"><valueCode value="apply-jurisdiction"/></extension><extension url="value"><valueString value="true"/></extension></extension><extension url="http://hl7.org/fhir/tools/StructureDefinition/ig-parameter"><extension url="code"><valueCode value="apply-license"/></extension><extension url="value"><valueString value="true"/></extension></extension><extension url="http://hl7.org/fhir/tools/StructureDefinition/ig-parameter"><extension url="code"><valueCode value="apply-publisher"/></extension><extension url="value"><valueString value="true"/></extension></extension><extension url="http://hl7.org/fhir/tools/StructureDefinition/ig-parameter"><extension url="code"><valueCode value="apply-version"/></extension><extension url="value"><valueString value="true"/></extension></extension><extension url="http://hl7.org/fhir/tools/StructureDefinition/ig-parameter"><extension url="code"><valueCode value="apply-wg"/></extension><extension url="value"><valueString value="true"/></extension></extension><extension url="http://hl7.org/fhir/tools/StructureDefinition/ig-parameter"><extension url="code"><valueCode value="active-tables"/></extension><extension url="value"><valueString value="true"/></extension></extension><extension url="http://hl7.org/fhir/tools/StructureDefinition/ig-parameter"><extension url="code"><valueCode value="fmm-definition"/></extension><extension url="value"><valueString value="http://hl7.org/fhir/versions.html#maturity"/></extension></extension><extension url="http://hl7.org/fhir/tools/StructureDefinition/ig-parameter"><extension url="code"><valueCode value="propagate-status"/></extension><extension url="value"><valueString value="true"/></extension></extension><extension url="http://hl7.org/fhir/tools/StructureDefinition/ig-parameter"><extension url="code"><valueCode value="excludelogbinaryformat"/></extension><extension url="value"><valueString value="true"/></extension></extension><extension url="http://hl7.org/fhir/tools/StructureDefinition/ig-parameter"><extension url="code"><valueCode value="tabbed-snapshots"/></extension><extension url="value"><valueString value="true"/></extension></extension><grouping id="-str-profile"><name value="Structures: Resource Profiles"/><description value="These define constraints on FHIR resources for systems conforming to this implementation guide."/></grouping><grouping id="-term-valueset"><name value="Terminology: Value Sets"/><description value="These define sets of codes used by systems conforming to this implementation guide."/></grouping><grouping id="-ex-example"><name value="Example: Example Instances"/><description value="These are example instances that show what data produced and consumed by systems conforming with this implementation guide might look like."/></grouping><resource><extension url="http://hl7.org/fhir/tools/StructureDefinition/resource-sort"><valueInteger value="999999999"/></extension><extension url="http://hl7.org/fhir/StructureDefinition/implementationguide-page"><valueUri value="StructureDefinition-ChulEfr.html"/></extension><reference><reference value="StructureDefinition/ChulEfr"/></reference><name value="ChulEfr"/><description value="EFR observation"/><exampleBoolean value="false"/><groupingId value="-str-profile"/></resource><resource><extension url="http://hl7.org/fhir/tools/StructureDefinition/resource-sort"><valueInteger value="999999999"/></extension><extension url="http://hl7.org/fhir/StructureDefinition/implementationguide-page"><valueUri value="StructureDefinition-ChulEfrObservation.html"/></extension><reference><reference value="StructureDefinition/ChulEfrObservation"/></reference><name value="ChulEfrObservation"/><description value="EFR observation"/><exampleBoolean value="false"/><groupingId value="-str-profile"/></resource><resource><extension url="http://hl7.org/fhir/tools/StructureDefinition/resource-sort"><valueInteger value="999999999"/></extension><extension url="http://hl7.org/fhir/StructureDefinition/implementationguide-page"><valueUri value="StructureDefinition-ChulLabPatient.html"/></extension><reference><reference value="StructureDefinition/ChulLabPatient"/></reference><name value="ChulLabPatient"/><description value="Profil pour un Patient CHU Liège"/><exampleBoolean value="false"/><groupingId value="-str-profile"/></resource><resource><extension url="http://hl7.org/fhir/tools/StructureDefinition/resource-sort"><valueInteger value="999999999"/></extension><extension url="http://hl7.org/fhir/StructureDefinition/implementationguide-page"><valueUri value="StructureDefinition-ChulPatient.html"/></extension><reference><reference value="StructureDefinition/ChulPatient"/></reference><name value="ChulPatient"/><description value="Profil pour un Patient CHU Liège"/><exampleBoolean value="false"/><groupingId value="-str-profile"/></resource><resource><extension url="http://hl7.org/fhir/tools/StructureDefinition/resource-sort"><valueInteger value="999999999"/></extension><extension url="http://hl7.org/fhir/StructureDefinition/implementationguide-page"><valueUri value="StructureDefinition-ChulPneumoBio.html"/></extension><reference><reference value="StructureDefinition/ChulPneumoBio"/></reference><name value="ChulPneumoBio"/><description value="Profil pour les biologies d'intérêt pneumologique"/><exampleBoolean value="false"/><groupingId value="-str-profile"/></resource><resource><extension url="http://hl7.org/fhir/tools/StructureDefinition/resource-sort"><valueInteger value="999999999"/></extension><extension url="http://hl7.org/fhir/StructureDefinition/implementationguide-page"><valueUri value="StructureDefinition-ChulPneumoBundle.html"/></extension><reference><reference value="StructureDefinition/ChulPneumoBundle"/></reference><name value="ChulPneumoBundle"/><description value="Profil pour un Bundle Discharge Report en pneumologie"/><exampleBoolean value="false"/><groupingId value="-str-profile"/></resource><resource><extension url="http://hl7.org/fhir/tools/StructureDefinition/resource-sort"><valueInteger value="999999999"/></extension><extension url="http://hl7.org/fhir/StructureDefinition/implementationguide-page"><valueUri value="StructureDefinition-ChulPneumoComposition.html"/></extension><reference><reference value="StructureDefinition/ChulPneumoComposition"/></reference><name value="ChulPneumoComposition"/><description value="Profil pour une Composition Discharge Report en pneumologie"/><exampleBoolean value="false"/><groupingId value="-str-profile"/></resource><resource><extension url="http://hl7.org/fhir/tools/StructureDefinition/resource-sort"><valueInteger value="999999999"/></extension><extension url="http://hl7.org/fhir/StructureDefinition/implementationguide-page"><valueUri value="StructureDefinition-ChulPneumoCondition.html"/></extension><reference><reference value="StructureDefinition/ChulPneumoCondition"/></reference><name value="ChulPneumoCondition"/><description value="Diagnostic pneumologie"/><exampleBoolean value="false"/><groupingId value="-str-profile"/></resource><resource><extension url="http://hl7.org/fhir/tools/StructureDefinition/resource-sort"><valueInteger value="999999999"/></extension><extension url="http://hl7.org/fhir/StructureDefinition/implementationguide-page"><valueUri value="StructureDefinition-ChulPneumoVitalSign.html"/></extension><reference><reference value="StructureDefinition/ChulPneumoVitalSign"/></reference><name value="ChulPneumoVitalSign"/><description value="Profil pour une observation de signe vital en pneumologie"/><exampleBoolean value="false"/><groupingId value="-str-profile"/></resource><resource><extension url="http://hl7.org/fhir/tools/StructureDefinition/resource-sort"><valueInteger value="999999999"/></extension><extension url="http://hl7.org/fhir/StructureDefinition/implementationguide-page"><valueUri value="StructureDefinition-ChulTobaccoObservation.html"/></extension><reference><reference value="StructureDefinition/ChulTobaccoObservation"/></reference><name value="ChulTobaccoObservation"/><description value="Profil pour une observation en tabacologie"/><exampleBoolean value="false"/><groupingId value="-str-profile"/></resource><resource><extension url="http://hl7.org/fhir/tools/StructureDefinition/resource-sort"><valueInteger value="999999999"/></extension><extension url="http://hl7.org/fhir/StructureDefinition/implementationguide-page"><valueUri value="ValueSet-i2x-pneumo-diagnostic.html"/></extension><reference><reference value="ValueSet/i2x-pneumo-diagnostic"/></reference><name value="Diagnostic principal maladie respiratoire"/><description value="Diagnostic principal maladie respiratoire"/><exampleBoolean value="false"/><groupingId value="-term-valueset"/></resource><resource><extension url="http://hl7.org/fhir/tools/StructureDefinition/resource-sort"><valueInteger value="999999999"/></extension><extension url="http://hl7.org/fhir/StructureDefinition/implementationguide-page"><valueUri value="ValueSet-i2x-pneumo-bio.html"/></extension><reference><reference value="ValueSet/i2x-pneumo-bio"/></reference><name value="Jeu de biologies d'intérêt pour la télésurveillance des maladies respiratoires"/><description value="Jeu de biologies d'intérêt pour la télésurveillance des maladies respiratoires"/><exampleBoolean value="false"/><groupingId value="-term-valueset"/></resource><resource><extension url="http://hl7.org/fhir/tools/StructureDefinition/resource-sort"><valueInteger value="999999999"/></extension><extension url="http://hl7.org/fhir/StructureDefinition/implementationguide-page"><valueUri value="ValueSet-i2x-tabac.html"/></extension><reference><reference value="ValueSet/i2x-tabac"/></reference><name value="Jeu de concept de tabacologie"/><description value="Jeu de concept de tabacologie"/><exampleBoolean value="false"/><groupingId value="-term-valueset"/></resource><resource><extension url="http://hl7.org/fhir/tools/StructureDefinition/resource-sort"><valueInteger value="999999999"/></extension><extension url="http://hl7.org/fhir/StructureDefinition/implementationguide-page"><valueUri value="ValueSet-i2x-tabac-status.html"/></extension><reference><reference value="ValueSet/i2x-tabac-status"/></reference><name value="Jeu de concept pour le statut de tabagisme"/><exampleBoolean value="false"/><groupingId value="-term-valueset"/></resource><resource><extension url="http://hl7.org/fhir/tools/StructureDefinition/resource-sort"><valueInteger value="999999999"/></extension><extension url="http://hl7.org/fhir/StructureDefinition/implementationguide-page"><valueUri value="ValueSet-i2x-efr.html"/></extension><reference><reference value="ValueSet/i2x-efr"/></reference><name value="Observations d'une épreuve fonctionnelle respiratoire"/><description value="Observations d'une épreuve fonctionnelle respiratoire"/><exampleBoolean value="false"/><groupingId value="-term-valueset"/></resource><resource><extension url="http://hl7.org/fhir/tools/StructureDefinition/resource-sort"><valueInteger value="999999999"/></extension><extension url="http://hl7.org/fhir/StructureDefinition/implementationguide-page"><valueUri value="ValueSet-i2x-pneumo-vitaux.html"/></extension><reference><reference value="ValueSet/i2x-pneumo-vitaux"/></reference><name value="Signes vitaux pneumologie"/><description value="Signes vitaux pneumologie"/><exampleBoolean value="false"/><groupingId value="-term-valueset"/></resource><resource><extension url="http://hl7.org/fhir/tools/StructureDefinition/resource-sort"><valueInteger value="999999999"/></extension><extension url="http://hl7.org/fhir/StructureDefinition/implementationguide-page"><valueUri value="Organization-ChuLabo.html"/></extension><reference><reference value="Organization/ChuLabo"/></reference><name value="ChuLabo"/><exampleBoolean value="true"/><groupingId value="-ex-example"/></resource><resource><extension url="http://hl7.org/fhir/tools/StructureDefinition/resource-sort"><valueInteger value="999999999"/></extension><extension url="http://hl7.org/fhir/StructureDefinition/implementationguide-page"><valueUri value="Procedure-ChulEfrExample.html"/></extension><reference><reference value="Procedure/ChulEfrExample"/></reference><name value="ChulEfrExample"/><description value="Exemple d'épreuve fonctionnelle respiratoire"/><exampleCanonical value="http://si-s-serv1041.st.chulg/ig/VersUnSouffleNouveauIG/StructureDefinition/ChulEfr"/><groupingId value="-ex-example"/></resource><resource><extension url="http://hl7.org/fhir/tools/StructureDefinition/resource-sort"><valueInteger value="999999999"/></extension><extension url="http://hl7.org/fhir/StructureDefinition/implementationguide-page"><valueUri value="Observation-ChulEfrObservationExample.html"/></extension><reference><reference value="Observation/ChulEfrObservationExample"/></reference><name value="ChulEfrObservationExample"/><description value="Example d'observation lors d'une épreuve fonctionnelle respiratoire"/><exampleCanonical value="http://si-s-serv1041.st.chulg/ig/VersUnSouffleNouveauIG/StructureDefinition/ChulEfrObservation"/><groupingId value="-ex-example"/></resource><resource><extension url="http://hl7.org/fhir/tools/StructureDefinition/resource-sort"><valueInteger value="999999999"/></extension><extension url="http://hl7.org/fhir/StructureDefinition/implementationguide-page"><valueUri value="Observation-ChulEfrObservationSource.html"/></extension><reference><reference value="Observation/ChulEfrObservationSource"/></reference><name value="ChulEfrObservationSource"/><description value="Observation originale dans OmniPro"/><exampleBoolean value="true"/><groupingId value="-ex-example"/></resource><resource><extension url="http://hl7.org/fhir/tools/StructureDefinition/resource-sort"><valueInteger value="999999999"/></extension><extension url="http://hl7.org/fhir/StructureDefinition/implementationguide-page"><valueUri value="Patient-ChulLabPatientExample.html"/></extension><reference><reference value="Patient/ChulLabPatientExample"/></reference><name value="ChulLabPatientExample"/><description value="Example de patient CHU Liège"/><exampleCanonical value="http://si-s-serv1041.st.chulg/ig/VersUnSouffleNouveauIG/StructureDefinition/ChulLabPatient"/><groupingId value="-ex-example"/></resource><resource><extension url="http://hl7.org/fhir/tools/StructureDefinition/resource-sort"><valueInteger value="999999999"/></extension><extension url="http://hl7.org/fhir/StructureDefinition/implementationguide-page"><valueUri value="Patient-ChulPatientExample.html"/></extension><reference><reference value="Patient/ChulPatientExample"/></reference><name value="ChulPatientExample"/><description value="Example de patient CHU Liège"/><exampleCanonical value="http://si-s-serv1041.st.chulg/ig/VersUnSouffleNouveauIG/StructureDefinition/ChulPatient"/><groupingId value="-ex-example"/></resource><resource><extension url="http://hl7.org/fhir/tools/StructureDefinition/resource-sort"><valueInteger value="999999999"/></extension><extension url="http://hl7.org/fhir/StructureDefinition/implementationguide-page"><valueUri value="Observation-ChulPneumoBioExample.html"/></extension><reference><reference value="Observation/ChulPneumoBioExample"/></reference><name value="ChulPneumoBioExample"/><description value="Example de biologie d'intérêt pneumologique"/><exampleBoolean value="true"/><groupingId value="-ex-example"/></resource><resource><extension url="http://hl7.org/fhir/tools/StructureDefinition/resource-sort"><valueInteger value="999999999"/></extension><extension url="http://hl7.org/fhir/StructureDefinition/implementationguide-page"><valueUri value="Bundle-ChulPneumoBundleExample.html"/></extension><reference><reference value="Bundle/ChulPneumoBundleExample"/></reference><name value="ChulPneumoBundleExample"/><description value="Example de composition en pneumologie"/><exampleCanonical value="http://si-s-serv1041.st.chulg/ig/VersUnSouffleNouveauIG/StructureDefinition/ChulPneumoBundle"/><groupingId value="-ex-example"/></resource><resource><extension url="http://hl7.org/fhir/tools/StructureDefinition/resource-sort"><valueInteger value="999999999"/></extension><extension url="http://hl7.org/fhir/StructureDefinition/implementationguide-page"><valueUri value="Bundle-ChulPneumoBundleExampleLab.html"/></extension><reference><reference value="Bundle/ChulPneumoBundleExampleLab"/></reference><name value="ChulPneumoBundleExampleLab"/><description value="Example de composition en pneumologie"/><exampleCanonical value="http://si-s-serv1041.st.chulg/ig/VersUnSouffleNouveauIG/StructureDefinition/ChulPneumoBundle"/><groupingId value="-ex-example"/></resource><resource><extension url="http://hl7.org/fhir/tools/StructureDefinition/resource-sort"><valueInteger value="999999999"/></extension><extension url="http://hl7.org/fhir/StructureDefinition/implementationguide-page"><valueUri value="Condition-ChulPneumoConditionExample.html"/></extension><reference><reference value="Condition/ChulPneumoConditionExample"/></reference><name value="ChulPneumoConditionExample"/><description value="Example de diagnostic pneumologique"/><exampleCanonical value="http://si-s-serv1041.st.chulg/ig/VersUnSouffleNouveauIG/StructureDefinition/ChulPneumoCondition"/><groupingId value="-ex-example"/></resource><resource><extension url="http://hl7.org/fhir/tools/StructureDefinition/resource-sort"><valueInteger value="999999999"/></extension><extension url="http://hl7.org/fhir/StructureDefinition/implementationguide-page"><valueUri value="Observation-ChulPneumoVitalSignExample.html"/></extension><reference><reference value="Observation/ChulPneumoVitalSignExample"/></reference><name value="ChulPneumoVitalSignExample"/><description value="Example de signe vital en pneumologie"/><exampleCanonical value="http://si-s-serv1041.st.chulg/ig/VersUnSouffleNouveauIG/StructureDefinition/ChulPneumoVitalSign"/><groupingId value="-ex-example"/></resource><resource><extension url="http://hl7.org/fhir/tools/StructureDefinition/resource-sort"><valueInteger value="999999999"/></extension><extension url="http://hl7.org/fhir/StructureDefinition/implementationguide-page"><valueUri value="Observation-ChulTobaccoObservationExample.html"/></extension><reference><reference value="Observation/ChulTobaccoObservationExample"/></reference><name value="ChulTobaccoObservationExample"/><description value="Example d'observation en tabacologie"/><exampleCanonical value="http://si-s-serv1041.st.chulg/ig/VersUnSouffleNouveauIG/StructureDefinition/ChulTobaccoObservation"/><groupingId value="-ex-example"/></resource><resource><extension url="http://hl7.org/fhir/tools/StructureDefinition/resource-sort"><valueInteger value="999999999"/></extension><extension url="http://hl7.org/fhir/StructureDefinition/implementationguide-page"><valueUri value="DiagnosticReport-EfrDiagnosticReport.html"/></extension><reference><reference value="DiagnosticReport/EfrDiagnosticReport"/></reference><name value="EfrDiagnosticReport"/><description value="résultats d'une épreuve fonctionnelle respiratoire"/><exampleBoolean value="true"/><groupingId value="-ex-example"/></resource><resource><extension url="http://hl7.org/fhir/tools/StructureDefinition/resource-sort"><valueInteger value="999999999"/></extension><extension url="http://hl7.org/fhir/StructureDefinition/implementationguide-page"><valueUri value="Encounter-EuEncounterExample.html"/></extension><reference><reference value="Encounter/EuEncounterExample"/></reference><name value="EuEncounterExample"/><exampleBoolean value="true"/><groupingId value="-ex-example"/></resource><resource><extension url="http://hl7.org/fhir/tools/StructureDefinition/resource-sort"><valueInteger value="999999999"/></extension><extension url="http://hl7.org/fhir/StructureDefinition/implementationguide-page"><valueUri value="Composition-ChulPneumoCompositionExample.html"/></extension><reference><reference value="Composition/ChulPneumoCompositionExample"/></reference><name value="Exemple de composition en pneumologie"/><description value="Example de composition en pneumologie"/><exampleBoolean value="true"/><groupingId value="-ex-example"/></resource><resource><extension url="http://hl7.org/fhir/tools/StructureDefinition/resource-sort"><valueInteger value="999999999"/></extension><extension url="http://hl7.org/fhir/StructureDefinition/implementationguide-page"><valueUri value="Composition-ChulPneumoCompositionExampleLab.html"/></extension><reference><reference value="Composition/ChulPneumoCompositionExampleLab"/></reference><name value="Exemple de composition en pneumologie"/><description value="Example de composition en pneumologie"/><exampleBoolean value="true"/><groupingId value="-ex-example"/></resource><resource><extension url="http://hl7.org/fhir/tools/StructureDefinition/resource-sort"><valueInteger value="999999999"/></extension><extension url="http://hl7.org/fhir/StructureDefinition/implementationguide-page"><valueUri value="Organization-GSI.html"/></extension><reference><reference value="Organization/GSI"/></reference><name value="GSI"/><exampleBoolean value="true"/><groupingId value="-ex-example"/></resource><resource><extension url="http://hl7.org/fhir/tools/StructureDefinition/resource-sort"><valueInteger value="999999999"/></extension><extension url="http://hl7.org/fhir/StructureDefinition/implementationguide-page"><valueUri value="Practitioner-Physician.html"/></extension><reference><reference value="Practitioner/Physician"/></reference><name value="Physician"/><exampleBoolean value="true"/><groupingId value="-ex-example"/></resource><page><extension url="http://hl7.org/fhir/tools/StructureDefinition/ig-page-name"><valueUrl value="toc.html"/></extension><nameUrl value="toc.html"/><title value="Table of Contents"/><generation value="html"/><page><extension url="http://hl7.org/fhir/tools/StructureDefinition/ig-page-name"><valueUrl value="index.html"/></extension><nameUrl value="index.html"/><title value="Home"/><generation value="markdown"/></page><page><extension url="http://hl7.org/fhir/tools/StructureDefinition/ig-page-name"><valueUrl value="known-issues.html"/></extension><nameUrl value="known-issues.html"/><title value="Known Issues"/><generation value="markdown"/></page><page><extension url="http://hl7.org/fhir/tools/StructureDefinition/ig-page-name"><valueUrl value="validation.html"/></extension><nameUrl value="validation.html"/><title value="Validation"/><generation value="markdown"/></page><page><extension url="http://hl7.org/fhir/tools/StructureDefinition/ig-page-name"><valueUrl value="artifacts.html"/></extension><nameUrl value="artifacts.html"/><title value="Artifacts Summary"/><generation value="html"/><page><extension url="http://hl7.org/fhir/tools/StructureDefinition/ig-page-name"><valueUrl value="StructureDefinition-ChulEfr.html"/></extension><nameUrl value="StructureDefinition-ChulEfr.html"/><title value="ChulEfr"/><generation value="generated"/></page><page><extension url="http://hl7.org/fhir/tools/StructureDefinition/ig-page-name"><valueUrl value="StructureDefinition-ChulEfrObservation.html"/></extension><nameUrl value="StructureDefinition-ChulEfrObservation.html"/><title value="ChulEfrObservation"/><generation value="generated"/></page><page><extension url="http://hl7.org/fhir/tools/StructureDefinition/ig-page-name"><valueUrl value="StructureDefinition-ChulLabPatient.html"/></extension><nameUrl value="StructureDefinition-ChulLabPatient.html"/><title value="ChulLabPatient"/><generation value="generated"/></page><page><extension url="http://hl7.org/fhir/tools/StructureDefinition/ig-page-name"><valueUrl value="StructureDefinition-ChulPatient.html"/></extension><nameUrl value="StructureDefinition-ChulPatient.html"/><title value="ChulPatient"/><generation value="generated"/></page><page><extension url="http://hl7.org/fhir/tools/StructureDefinition/ig-page-name"><valueUrl value="StructureDefinition-ChulPneumoBio.html"/></extension><nameUrl value="StructureDefinition-ChulPneumoBio.html"/><title value="ChulPneumoBio"/><generation value="generated"/></page><page><extension url="http://hl7.org/fhir/tools/StructureDefinition/ig-page-name"><valueUrl value="StructureDefinition-ChulPneumoBundle.html"/></extension><nameUrl value="StructureDefinition-ChulPneumoBundle.html"/><title value="ChulPneumoBundle"/><generation value="generated"/></page><page><extension url="http://hl7.org/fhir/tools/StructureDefinition/ig-page-name"><valueUrl value="StructureDefinition-ChulPneumoComposition.html"/></extension><nameUrl value="StructureDefinition-ChulPneumoComposition.html"/><title value="ChulPneumoComposition"/><generation value="generated"/></page><page><extension url="http://hl7.org/fhir/tools/StructureDefinition/ig-page-name"><valueUrl value="StructureDefinition-ChulPneumoCondition.html"/></extension><nameUrl value="StructureDefinition-ChulPneumoCondition.html"/><title value="ChulPneumoCondition"/><generation value="generated"/></page><page><extension url="http://hl7.org/fhir/tools/StructureDefinition/ig-page-name"><valueUrl value="StructureDefinition-ChulPneumoVitalSign.html"/></extension><nameUrl value="StructureDefinition-ChulPneumoVitalSign.html"/><title value="ChulPneumoVitalSign"/><generation value="generated"/></page><page><extension url="http://hl7.org/fhir/tools/StructureDefinition/ig-page-name"><valueUrl value="StructureDefinition-ChulTobaccoObservation.html"/></extension><nameUrl value="StructureDefinition-ChulTobaccoObservation.html"/><title value="ChulTobaccoObservation"/><generation value="generated"/></page><page><extension url="http://hl7.org/fhir/tools/StructureDefinition/ig-page-name"><valueUrl value="ValueSet-i2x-pneumo-diagnostic.html"/></extension><nameUrl value="ValueSet-i2x-pneumo-diagnostic.html"/><title value="Diagnostic principal maladie respiratoire"/><generation value="generated"/></page><page><extension url="http://hl7.org/fhir/tools/StructureDefinition/ig-page-name"><valueUrl value="ValueSet-i2x-pneumo-bio.html"/></extension><nameUrl value="ValueSet-i2x-pneumo-bio.html"/><title value="Jeu de biologies d'intérêt pour la télésurveillance des maladies respiratoires"/><generation value="generated"/></page><page><extension url="http://hl7.org/fhir/tools/StructureDefinition/ig-page-name"><valueUrl value="ValueSet-i2x-tabac.html"/></extension><nameUrl value="ValueSet-i2x-tabac.html"/><title value="Jeu de concept de tabacologie"/><generation value="generated"/></page><page><extension url="http://hl7.org/fhir/tools/StructureDefinition/ig-page-name"><valueUrl value="ValueSet-i2x-tabac-status.html"/></extension><nameUrl value="ValueSet-i2x-tabac-status.html"/><title value="Jeu de concept pour le statut de tabagisme"/><generation value="generated"/></page><page><extension url="http://hl7.org/fhir/tools/StructureDefinition/ig-page-name"><valueUrl value="ValueSet-i2x-efr.html"/></extension><nameUrl value="ValueSet-i2x-efr.html"/><title value="Observations d'une épreuve fonctionnelle respiratoire"/><generation value="generated"/></page><page><extension url="http://hl7.org/fhir/tools/StructureDefinition/ig-page-name"><valueUrl value="ValueSet-i2x-pneumo-vitaux.html"/></extension><nameUrl value="ValueSet-i2x-pneumo-vitaux.html"/><title value="Signes vitaux pneumologie"/><generation value="generated"/></page><page><extension url="http://hl7.org/fhir/tools/StructureDefinition/ig-page-name"><valueUrl value="Organization-ChuLabo.html"/></extension><nameUrl value="Organization-ChuLabo.html"/><title value="ChuLabo"/><generation value="generated"/></page><page><extension url="http://hl7.org/fhir/tools/StructureDefinition/ig-page-name"><valueUrl value="Procedure-ChulEfrExample.html"/></extension><nameUrl value="Procedure-ChulEfrExample.html"/><title value="ChulEfrExample"/><generation value="generated"/></page><page><extension url="http://hl7.org/fhir/tools/StructureDefinition/ig-page-name"><valueUrl value="Observation-ChulEfrObservationExample.html"/></extension><nameUrl value="Observation-ChulEfrObservationExample.html"/><title value="ChulEfrObservationExample"/><generation value="generated"/></page><page><extension url="http://hl7.org/fhir/tools/StructureDefinition/ig-page-name"><valueUrl value="Observation-ChulEfrObservationSource.html"/></extension><nameUrl value="Observation-ChulEfrObservationSource.html"/><title value="ChulEfrObservationSource"/><generation value="generated"/></page><page><extension url="http://hl7.org/fhir/tools/StructureDefinition/ig-page-name"><valueUrl value="Patient-ChulLabPatientExample.html"/></extension><nameUrl value="Patient-ChulLabPatientExample.html"/><title value="ChulLabPatientExample"/><generation value="generated"/></page><page><extension url="http://hl7.org/fhir/tools/StructureDefinition/ig-page-name"><valueUrl value="Patient-ChulPatientExample.html"/></extension><nameUrl value="Patient-ChulPatientExample.html"/><title value="ChulPatientExample"/><generation value="generated"/></page><page><extension url="http://hl7.org/fhir/tools/StructureDefinition/ig-page-name"><valueUrl value="Observation-ChulPneumoBioExample.html"/></extension><nameUrl value="Observation-ChulPneumoBioExample.html"/><title value="ChulPneumoBioExample"/><generation value="generated"/></page><page><extension url="http://hl7.org/fhir/tools/StructureDefinition/ig-page-name"><valueUrl value="Bundle-ChulPneumoBundleExample.html"/></extension><nameUrl value="Bundle-ChulPneumoBundleExample.html"/><title value="ChulPneumoBundleExample"/><generation value="generated"/></page><page><extension url="http://hl7.org/fhir/tools/StructureDefinition/ig-page-name"><valueUrl value="Bundle-ChulPneumoBundleExampleLab.html"/></extension><nameUrl value="Bundle-ChulPneumoBundleExampleLab.html"/><title value="ChulPneumoBundleExampleLab"/><generation value="generated"/></page><page><extension url="http://hl7.org/fhir/tools/StructureDefinition/ig-page-name"><valueUrl value="Condition-ChulPneumoConditionExample.html"/></extension><nameUrl value="Condition-ChulPneumoConditionExample.html"/><title value="ChulPneumoConditionExample"/><generation value="generated"/></page><page><extension url="http://hl7.org/fhir/tools/StructureDefinition/ig-page-name"><valueUrl value="Observation-ChulPneumoVitalSignExample.html"/></extension><nameUrl value="Observation-ChulPneumoVitalSignExample.html"/><title value="ChulPneumoVitalSignExample"/><generation value="generated"/></page><page><extension url="http://hl7.org/fhir/tools/StructureDefinition/ig-page-name"><valueUrl value="Observation-ChulTobaccoObservationExample.html"/></extension><nameUrl value="Observation-ChulTobaccoObservationExample.html"/><title value="ChulTobaccoObservationExample"/><generation value="generated"/></page><page><extension url="http://hl7.org/fhir/tools/StructureDefinition/ig-page-name"><valueUrl value="DiagnosticReport-EfrDiagnosticReport.html"/></extension><nameUrl value="DiagnosticReport-EfrDiagnosticReport.html"/><title value="EfrDiagnosticReport"/><generation value="generated"/></page><page><extension url="http://hl7.org/fhir/tools/StructureDefinition/ig-page-name"><valueUrl value="Encounter-EuEncounterExample.html"/></extension><nameUrl value="Encounter-EuEncounterExample.html"/><title value="EuEncounterExample"/><generation value="generated"/></page><page><extension url="http://hl7.org/fhir/tools/StructureDefinition/ig-page-name"><valueUrl value="Composition-ChulPneumoCompositionExample.html"/></extension><nameUrl value="Composition-ChulPneumoCompositionExample.html"/><title value="Exemple de composition en pneumologie"/><generation value="generated"/></page><page><extension url="http://hl7.org/fhir/tools/StructureDefinition/ig-page-name"><valueUrl value="Composition-ChulPneumoCompositionExampleLab.html"/></extension><nameUrl value="Composition-ChulPneumoCompositionExampleLab.html"/><title value="Exemple de composition en pneumologie"/><generation value="generated"/></page><page><extension url="http://hl7.org/fhir/tools/StructureDefinition/ig-page-name"><valueUrl value="Organization-GSI.html"/></extension><nameUrl value="Organization-GSI.html"/><title value="GSI"/><generation value="generated"/></page><page><extension url="http://hl7.org/fhir/tools/StructureDefinition/ig-page-name"><valueUrl value="Practitioner-Physician.html"/></extension><nameUrl value="Practitioner-Physician.html"/><title value="Physician"/><generation value="generated"/></page></page></page><parameter><code value="path-resource"/><value value="input/capabilities"/></parameter><parameter><code value="path-resource"/><value value="input/examples"/></parameter><parameter><code value="path-resource"/><value value="input/extensions"/></parameter><parameter><code value="path-resource"/><value value="input/models"/></parameter><parameter><code value="path-resource"/><value value="input/operations"/></parameter><parameter><code value="path-resource"/><value value="input/profiles"/></parameter><parameter><code value="path-resource"/><value value="input/resources"/></parameter><parameter><code value="path-resource"/><value value="input/vocabulary"/></parameter><parameter><code value="path-resource"/><value value="input/maps"/></parameter><parameter><code value="path-resource"/><value value="input/testing"/></parameter><parameter><code value="path-resource"/><value value="input/history"/></parameter><parameter><code value="path-resource"/><value value="fsh-generated/resources"/></parameter><parameter><code value="path-pages"/><value value="template/config"/></parameter><parameter><code value="path-pages"/><value value="input/images"/></parameter><parameter><code value="path-tx-cache"/><value value="input-cache/txcache"/></parameter></definition></ImplementationGuide>