<?xml version="1.0" encoding="UTF-8"?><ValueSet xmlns="http://hl7.org/fhir"><id value="i2x-pneumo-diagnostic"/><text><status value="generated"/><div xmlns="http://www.w3.org/1999/xhtml"><p class="res-header-id"><b>Generated Narrative: ValueSet i2x-pneumo-diagnostic</b></p><a name="i2x-pneumo-diagnostic"> </a><a name="hci2x-pneumo-diagnostic"> </a><a name="i2x-pneumo-diagnostic-und"> </a><ul><li>Include ces codes sont définis dans <a href="http://www.snomed.org/"><code>http://snomed.info/sct</code></a><table class="none"><tr><td style="white-space:nowrap"><b>Code</b></td><td><b>Display</b></td></tr><tr><td><a href="http://snomed.info/id/195967001">195967001</a></td><td>asthme</td></tr><tr><td><a href="http://snomed.info/id/63480004">63480004</a></td><td>bronchite chronique</td></tr><tr><td><a href="http://snomed.info/id/102361000119104">102361000119104</a></td><td>pneumonie chronique</td></tr><tr><td><a href="http://snomed.info/id/2561000112106">2561000112106</a></td><td>toux chronique réfractaire</td></tr><tr><td><a href="http://snomed.info/id/13645005">13645005</a></td><td>bronchopneumopathie chronique obstructive</td></tr></table></li></ul></div></text><url value="http://si-s-serv1041.st.chulg/ig/VersUnSouffleNouveauIG/ValueSet/i2x-pneumo-diagnostic"/><version value="0.1.1"/><name value="PNEUMO_DIAGNOSTIC_VS"/><title value="Jeu de diagnostic principal maladie respiratoire"/><status value="draft"/><date value="2025-04-14"/><publisher value="CHU Liège"/><contact><name value="CHU Liège"/><telecom><system value="url"/><value value="http://www.chuliege.be"/></telecom></contact><description value="Jeu de diagnostic principal maladie respiratoire"/><copyright value="RM@H IG (C) 2025-2025 University Hospital of Liege, GSI Department, Belgium. This implementation guide is free software: you can redistribute it and/or modify it under the terms of the GNU General Public License as published by the Free Software Foundation, either version 3 of the License, or (at your option) any later version. This program is distributed in the hope that it will be useful, but WITHOUT ANY WARRANTY; without even the implied warranty of MERCHANTABILITY or FITNESS FOR A PARTICULAR PURPOSE. See the GNU General Public License for more details. You should have received a copy of the GNU General Public License along with this program. If not, see &lt;http://www.gnu.org/licenses/&gt;."/><compose><include><system value="http://snomed.info/sct"/><concept><code value="195967001"/><display value="asthme"/></concept><concept><code value="63480004"/><display value="bronchite chronique"/></concept><concept><code value="102361000119104"/><display value="pneumonie chronique"/></concept><concept><code value="2561000112106"/><display value="toux chronique réfractaire"/></concept><concept><code value="13645005"/><display value="bronchopneumopathie chronique obstructive"/></concept></include></compose></ValueSet>