<?xml version="1.0" encoding="UTF-8"?><ValueSet xmlns="http://hl7.org/fhir"><id value="i2x-pneumo-vitaux"/><text><status value="generated"/><div xmlns="http://www.w3.org/1999/xhtml"><p class="res-header-id"><b>Generated Narrative: ValueSet i2x-pneumo-vitaux</b></p><a name="i2x-pneumo-vitaux"> </a><a name="hci2x-pneumo-vitaux"> </a><a name="i2x-pneumo-vitaux-und"> </a><ul><li>Include ces codes sont définis dans <a href="http://loinc.org"><code>http://loinc.org</code></a><table class="none"><tr><td style="white-space:nowrap"><b>Code</b></td><td><b>Display</b></td></tr><tr><td><a href="https://loinc.org/29463-7/">29463-7</a></td><td>Poids</td></tr><tr><td><a href="https://loinc.org/8302-2/">8302-2</a></td><td>Taille</td></tr></table></li></ul></div></text><url value="http://si-s-serv1041.st.chulg/ig/VersUnSouffleNouveauIG/ValueSet/i2x-pneumo-vitaux"/><version value="0.1.0"/><name value="PNEUMO_VITAAUX_VS"/><title value="Jeu de signes vitaux pneumologie"/><status value="draft"/><date value="2025-05-23T16:57:29+02:00"/><publisher value="CHU Liège"/><contact><name value="CHU Liège"/><telecom><system value="url"/><value value="http://www.chuliege.be"/></telecom></contact><description value="Jeu de signes vitaux pneumologie"/><compose><include><system value="http://loinc.org"/><concept><code value="29463-7"/><display value="Poids"/></concept><concept><code value="8302-2"/><display value="Taille"/></concept></include></compose></ValueSet>