<?xml version="1.0" encoding="UTF-8"?>

<Bundle xmlns="http://hl7.org/fhir">
  <id value="VunsPneumoBundleExample"/>
  <meta>
    <profile value="http://si-s-serv1041.st.chulg/ig/VersUnSouffleNouveauIG/StructureDefinition/VunsPneumoBundle"/>
  </meta>
  <identifier>
    <system value="https://terminology.chuliege.be/NamingSystem/global"/>
    <value value="SampleBundle01"/>
  </identifier>
  <type value="document"/>
  <timestamp value="2025-03-01T12:00:00+01:00"/>
  <entry>
    <fullUrl value="http://si-s-serv1041/ig/Composition/VunsPneumoCompositionExample"/>
    <resource>
      <Composition>
        <id value="VunsPneumoCompositionExample"/>
        <meta>
          <profile value="http://si-s-serv1041.st.chulg/ig/VersUnSouffleNouveauIG/StructureDefinition/VunsPneumoComposition"/>
        </meta>
        <text>
          <status value="generated"/><div xmlns="http://www.w3.org/1999/xhtml"><a name="Composition_VunsPneumoCompositionExample"> </a><p class="res-header-id"><b>Generated Narrative: Composition VunsPneumoCompositionExample</b></p><a name="VunsPneumoCompositionExample"> </a><a name="hcVunsPneumoCompositionExample"> </a><a name="VunsPneumoCompositionExample-und"> </a><div style="display: inline-block; background-color: #d9e0e7; padding: 6px; margin: 4px; border: 1px solid #8da1b4; border-radius: 5px; line-height: 60%"><p style="margin-bottom: 0px"/><p style="margin-bottom: 0px">Profil: <a href="StructureDefinition-VunsPneumoComposition.html">VunsPneumoComposition</a></p></div><p><b>status</b>: Final</p><p><b>type</b>: <span title="Codes:{http://loinc.org 34105-7}">Hospital Discharge summary</span></p><p><b>date</b>: 2025-03-01</p><p><b>author</b>: <a href="Bundle-VunsPneumoBundleExample.html#Organization_GSI">Bundle : identifier = https://terminology.chuliege.be/NamingSystem/global#SampleBundle01; type = document; timestamp = 2025-03-01 12:00:00+0100</a></p><p><b>title</b>: Exemple de composition en pneumologie dans le cadre du projet Vers Un Souffle Nouveau</p></div>
        </text>
        <status value="final"/>
        <type>
          <coding>
            <system value="http://loinc.org"/>
            <code value="34105-7"/>
            <display value="Hospital Discharge summary"/>
          </coding>
        </type>
        <subject>
          <reference value="Patient/VunsPatientExample"/>
        </subject>
        <date value="2025-03-01"/>
        <author>
          <reference value="Organization/GSI"/>
        </author>
        <title value="Exemple de composition en pneumologie dans le cadre du projet Vers Un Souffle Nouveau"/>
        <section>
          <title value="Paramètres de référence"/>
          <code>
            <coding>
              <system value="http://loinc.org"/>
              <code value="8716-3"/>
            </coding>
          </code>
          <text>
            <status value="additional"/><div xmlns="http://www.w3.org/1999/xhtml">Paramètres vitaux</div>
          </text>
          <entry>
            <reference value="Observation/VunsPneumoVitalSignExample"/>
          </entry>
        </section>
        <section>
          <title value="Exemple de titre en pneumologie"/>
          <code>
            <coding>
              <system value="http://loinc.org"/>
              <code value="8648-8"/>
            </coding>
          </code>
          <text>
            <status value="additional"/><div xmlns="http://www.w3.org/1999/xhtml">Exemple de rapport en pneumologie</div>
          </text>
        </section>
        <section>
          <title value="Diagnostic primaire"/>
          <code>
            <coding>
              <system value="http://loinc.org"/>
              <code value="11535-2"/>
            </coding>
          </code>
          <text>
            <status value="additional"/><div xmlns="http://www.w3.org/1999/xhtml">Diagnostic</div>
          </text>
          <entry>
            <reference value="Condition/VunsPneumoConditionExample"/>
          </entry>
        </section>
        <section>
          <title value="Résultats des EFRs"/>
          <code>
            <coding>
              <system value="http://loinc.org"/>
              <code value="10185-7"/>
            </coding>
          </code>
          <text>
            <status value="empty"/><div xmlns="http://www.w3.org/1999/xhtml">Résultats des EFRs</div>
          </text>
          <entry>
            <reference value="Procedure/VunsEfrExample"/>
          </entry>
        </section>
        <section>
          <title value="Biologies"/>
          <code>
            <coding>
              <system value="http://loinc.org"/>
              <code value="30954-2"/>
            </coding>
          </code>
          <text>
            <status value="empty"/><div xmlns="http://www.w3.org/1999/xhtml">Biologies</div>
          </text>
          <entry>
            <reference value="DiagnosticReport/VunsPneumoBioReportExample"/>
          </entry>
        </section>
        <section>
          <title value="Tabagisme"/>
          <code>
            <coding>
              <system value="http://loinc.org"/>
              <code value="11367-0"/>
            </coding>
          </code>
          <text>
            <status value="additional"/><div xmlns="http://www.w3.org/1999/xhtml">Tabagisme</div>
          </text>
          <entry>
            <reference value="Observation/VunsTobaccoObservationExample"/>
          </entry>
        </section>
      </Composition>
    </resource>
  </entry>
  <entry>
    <fullUrl value="http://si-s-serv1041/ig/Patient/VunsPatientExample"/>
    <resource>
      <Patient>
        <id value="VunsPatientExample"/>
        <meta>
          <profile value="http://si-s-serv1041.st.chulg/ig/VersUnSouffleNouveauIG/StructureDefinition/VunsPatient"/>
        </meta>
        <text>
          <status value="generated"/><div xmlns="http://www.w3.org/1999/xhtml"><a name="Patient_VunsPatientExample"> </a><p class="res-header-id"><b>Generated Narrative: Patient VunsPatientExample</b></p><a name="VunsPatientExample"> </a><a name="hcVunsPatientExample"> </a><a name="VunsPatientExample-und"> </a><div style="display: inline-block; background-color: #d9e0e7; padding: 6px; margin: 4px; border: 1px solid #8da1b4; border-radius: 5px; line-height: 60%"><p style="margin-bottom: 0px"/><p style="margin-bottom: 0px">Profil: <a href="StructureDefinition-VunsPatient.html">VunsPatient</a></p></div><p style="border: 1px #661aff solid; background-color: #e6e6ff; padding: 10px;">Patrick Duflot  Male, Date de Naissance :1974-01-22 ( https://www.ehealth.fgov.be/standards/fhir/core/NamingSystem/ssin#BeSSINNamingSystem#11111111111)</p><hr/><table class="grid"><tr><td style="background-color: #f3f5da" title="Moyens de contacter le Patient">Contact Detail</td><td colspan="3"><ul><li>ph: 04497887145</li><li><a href="mailto:pduflot@chuliege.be">pduflot@chuliege.be</a></li></ul></td></tr></table></div>
        </text>
        <identifier>
          <system value="https://www.ehealth.fgov.be/standards/fhir/core/NamingSystem/ssin"/>
          <value value="11111111111"/>
        </identifier>
        <name>
          <family value="Duflot"/>
          <given value="Patrick"/>
        </name>
        <telecom>
          <system value="phone"/>
          <value value="04497887145"/>
        </telecom>
        <telecom>
          <system value="email"/>
          <value value="pduflot@chuliege.be"/>
        </telecom>
        <gender value="male"/>
        <birthDate value="1974-01-22"/>
      </Patient>
    </resource>
  </entry>
  <entry>
    <fullUrl value="http://si-s-serv1041/ig/Encounter/EuEncounterExample"/>
    <resource>
      <Encounter>
        <id value="EuEncounterExample"/>
        <meta>
          <profile value="http://hl7.eu/fhir/hdr/StructureDefinition/encounter-eu-hdr"/>
        </meta>
        <text>
          <status value="generated"/><div xmlns="http://www.w3.org/1999/xhtml"><a name="Encounter_EuEncounterExample"> </a><p class="res-header-id"><b>Generated Narrative: Encounter EuEncounterExample</b></p><a name="EuEncounterExample"> </a><a name="hcEuEncounterExample"> </a><a name="EuEncounterExample-und"> </a><div style="display: inline-block; background-color: #d9e0e7; padding: 6px; margin: 4px; border: 1px solid #8da1b4; border-radius: 5px; line-height: 60%"><p style="margin-bottom: 0px"/><p style="margin-bottom: 0px">Profil: <a href="https://build.fhir.org/ig/hl7-eu/hdr/StructureDefinition-encounter-eu-hdr.html">Encounter (HDR)</a></p></div><p><b>status</b>: Finished</p><p><b>class</b>: <a href="http://terminology.hl7.org/6.2.0/CodeSystem-v3-ActCode.html#v3-ActCode-SS">ActCode SS</a>: short stay</p><p><b>subject</b>: <a href="Patient-VunsPatientExample.html">Patrick Duflot  Male, Date de Naissance :1974-01-22 ( https://www.ehealth.fgov.be/standards/fhir/core/NamingSystem/ssin#BeSSINNamingSystem#11111111111)</a></p></div>
        </text>
        <status value="finished"/>
        <class>
          <system value="http://terminology.hl7.org/CodeSystem/v3-ActCode"/>
          <code value="SS"/>
        </class>
        <subject>
          <reference value="Patient/VunsPatientExample"/>
        </subject>
      </Encounter>
    </resource>
  </entry>
  <entry>
    <fullUrl value="http://si-s-serv1041/ig/Condition/VunsPneumoConditionExample"/>
    <resource>
      <Condition>
        <id value="VunsPneumoConditionExample"/>
        <meta>
          <profile value="http://si-s-serv1041.st.chulg/ig/VersUnSouffleNouveauIG/StructureDefinition/VunsPneumoCondition"/>
        </meta>
        <text>
          <status value="generated"/><div xmlns="http://www.w3.org/1999/xhtml"><a name="Condition_VunsPneumoConditionExample"> </a><p class="res-header-id"><b>Generated Narrative: Condition VunsPneumoConditionExample</b></p><a name="VunsPneumoConditionExample"> </a><a name="hcVunsPneumoConditionExample"> </a><a name="VunsPneumoConditionExample-und"> </a><div style="display: inline-block; background-color: #d9e0e7; padding: 6px; margin: 4px; border: 1px solid #8da1b4; border-radius: 5px; line-height: 60%"><p style="margin-bottom: 0px"/><p style="margin-bottom: 0px">Profil: <a href="StructureDefinition-VunsPneumoCondition.html">VunsPneumoCondition</a></p></div><p><b>clinicalStatus</b>: <span title="Codes:{http://terminology.hl7.org/CodeSystem/condition-clinical active}">Active</span></p><p><b>code</b>: <span title="Codes:{http://snomed.info/sct 195967001}">Airway hyperreactivity</span></p><p><b>subject</b>: <a href="Patient-VunsPatientExample.html">Patrick Duflot  Male, Date de Naissance :1974-01-22 ( https://www.ehealth.fgov.be/standards/fhir/core/NamingSystem/ssin#BeSSINNamingSystem#11111111111)</a></p></div>
        </text>
        <clinicalStatus>
          <coding>
            <system value="http://terminology.hl7.org/CodeSystem/condition-clinical"/>
            <code value="active"/>
          </coding>
        </clinicalStatus>
        <code>
          <coding>
            <system value="http://snomed.info/sct"/>
            <code value="195967001"/>
          </coding>
        </code>
        <subject>
          <reference value="Patient/VunsPatientExample"/>
        </subject>
      </Condition>
    </resource>
  </entry>
  <entry>
    <fullUrl value="http://si-s-serv1041/ig/Observation/VunsPneumoVitalSignExample"/>
    <resource>
      <Observation>
        <id value="VunsPneumoVitalSignExample"/>
        <meta>
          <profile value="http://si-s-serv1041.st.chulg/ig/VersUnSouffleNouveauIG/StructureDefinition/VunsPneumoVitalSign"/>
        </meta>
        <text>
          <status value="generated"/><div xmlns="http://www.w3.org/1999/xhtml"><a name="Observation_VunsPneumoVitalSignExample"> </a><p class="res-header-id"><b>Generated Narrative: Observation VunsPneumoVitalSignExample</b></p><a name="VunsPneumoVitalSignExample"> </a><a name="hcVunsPneumoVitalSignExample"> </a><a name="VunsPneumoVitalSignExample-und"> </a><div style="display: inline-block; background-color: #d9e0e7; padding: 6px; margin: 4px; border: 1px solid #8da1b4; border-radius: 5px; line-height: 60%"><p style="margin-bottom: 0px"/><p style="margin-bottom: 0px">Profil: <a href="StructureDefinition-VunsPneumoVitalSign.html">VunsPneumoVitalSign</a></p></div><p><b>status</b>: Final</p><p><b>category</b>: <span title="Codes:{http://terminology.hl7.org/CodeSystem/observation-category vital-signs}">Vital Signs</span></p><p><b>code</b>: <span title="Codes:{http://loinc.org 29463-7}">Body weight</span></p><p><b>subject</b>: <a href="Patient-VunsPatientExample.html">Patrick Duflot  Male, Date de Naissance :1974-01-22 ( https://www.ehealth.fgov.be/standards/fhir/core/NamingSystem/ssin#BeSSINNamingSystem#11111111111)</a></p><p><b>effective</b>: 2023-10-01</p><p><b>performer</b>: <a href="Bundle-VunsPneumoBundleExample.html#Practitioner_Physician">Bundle : identifier = https://terminology.chuliege.be/NamingSystem/global#SampleBundle01; type = document; timestamp = 2025-03-01 12:00:00+0100</a></p><p><b>value</b>: 80 kg<span style="background: LightGoldenRodYellow"> (Details: UCUM  codekg = 'kg')</span></p></div>
        </text>
        <status value="final"/>
        <category>
          <coding>
            <system value="http://terminology.hl7.org/CodeSystem/observation-category"/>
            <code value="vital-signs"/>
          </coding>
        </category>
        <code>
          <coding>
            <system value="http://loinc.org"/>
            <code value="29463-7"/>
          </coding>
        </code>
        <subject>
          <reference value="Patient/VunsPatientExample"/>
        </subject>
        <effectiveDateTime value="2023-10-01"/>
        <performer>
          <reference value="Practitioner/Physician"/>
        </performer>
        <valueQuantity>
          <value value="80"/>
          <unit value="kg"/>
          <system value="http://unitsofmeasure.org"/>
          <code value="kg"/>
        </valueQuantity>
      </Observation>
    </resource>
  </entry>
  <entry>
    <fullUrl value="http://si-s-serv1041/ig/Observation/VunsEfrObservationExample"/>
    <resource>
      <Observation>
        <id value="VunsEfrObservationExample"/>
        <meta>
          <profile value="http://si-s-serv1041.st.chulg/ig/VersUnSouffleNouveauIG/StructureDefinition/VunsEfrObservation"/>
        </meta>
        <text>
          <status value="generated"/><div xmlns="http://www.w3.org/1999/xhtml"><a name="Observation_VunsEfrObservationExample"> </a><p class="res-header-id"><b>Generated Narrative: Observation VunsEfrObservationExample</b></p><a name="VunsEfrObservationExample"> </a><a name="hcVunsEfrObservationExample"> </a><a name="VunsEfrObservationExample-und"> </a><div style="display: inline-block; background-color: #d9e0e7; padding: 6px; margin: 4px; border: 1px solid #8da1b4; border-radius: 5px; line-height: 60%"><p style="margin-bottom: 0px"/><p style="margin-bottom: 0px">Profil: <a href="StructureDefinition-VunsEfrObservation.html">VunsEfrObservation</a></p></div><p><b>partOf</b>: <a href="Procedure-VunsEfrExample.html">Procedure Measurement of respiratory function</a></p><p><b>status</b>: Final</p><p><b>code</b>: <span title="Codes:{http://snomed.info/sct 313222007}">Volume expiratoire maximal par seconde divisé par la capacité vitale forcée</span></p><p><b>subject</b>: <a href="Patient-VunsPatientExample.html">Patrick Duflot  Male, Date de Naissance :1974-01-22 ( https://www.ehealth.fgov.be/standards/fhir/core/NamingSystem/ssin#BeSSINNamingSystem#11111111111)</a></p><p><b>effective</b>: 2025-03-01</p><p><b>performer</b>: <a href="Bundle-VunsPneumoBundleExample.html#Practitioner_Physician">Bundle : identifier = https://terminology.chuliege.be/NamingSystem/global#SampleBundle01; type = document; timestamp = 2025-03-01 12:00:00+0100</a></p><p><b>value</b>: 80 %</p><p><b>derivedFrom</b>: <a href="Observation-VunsEfrObservationSource.html">Observation Tiffeneau</a></p></div>
        </text>
        <partOf>
          <reference value="Procedure/VunsEfrExample"/>
        </partOf>
        <status value="final"/>
        <code>
          <coding>
            <system value="http://snomed.info/sct"/>
            <code value="313222007"/>
            <display value="FEV1/FVC percent"/>
          </coding>
          <text value="Volume expiratoire maximal par seconde divisé par la capacité vitale forcée"/>
        </code>
        <subject>
          <reference value="Patient/VunsPatientExample"/>
        </subject>
        <effectiveDateTime value="2025-03-01"/>
        <performer>
          <reference value="Practitioner/Physician"/>
        </performer>
        <valueQuantity>
          <value value="80"/>
          <unit value="%"/>
        </valueQuantity>
        <derivedFrom>
          <reference value="Observation/VunsEfrObservationSource"/>
        </derivedFrom>
      </Observation>
    </resource>
  </entry>
  <entry>
    <fullUrl value="http://si-s-serv1041/ig/Observation/VunsEfrObservationSource"/>
    <resource>
      <Observation>
        <id value="VunsEfrObservationSource"/>
        <meta>
          <profile value="http://hl7.org/fhir/uv/ips/StructureDefinition/Observation-results-uv-ips"/>
        </meta>
        <language value="fr-BE"/>
        <text>
          <status value="generated"/><div xmlns="http://www.w3.org/1999/xhtml" xml:lang="fr-BE" lang="fr-BE"><a name="Observation_VunsEfrObservationSource"> </a><p class="res-header-id"><b>Generated Narrative: Observation VunsEfrObservationSource</b></p><a name="VunsEfrObservationSource"> </a><a name="hcVunsEfrObservationSource"> </a><a name="VunsEfrObservationSource-und"> </a><div style="display: inline-block; background-color: #d9e0e7; padding: 6px; margin: 4px; border: 1px solid #8da1b4; border-radius: 5px; line-height: 60%"><p style="margin-bottom: 0px">Language: fr-BE</p><p style="margin-bottom: 0px">Profil: <a href="http://hl7.org/fhir/uv/ips/STU1.1/StructureDefinition-Observation-results-uv-ips.html">Observation Results (IPS)</a></p></div><p><b>status</b>: Final</p><p><b>code</b>: <span title="Codes:{http://terminology.chuliege.be/OmniPro 30040:VTIFF}">Tiffeneau</span></p><p><b>subject</b>: <a href="Patient-VunsPatientExample.html">Patrick Duflot  Male, Date de Naissance :1974-01-22 ( https://www.ehealth.fgov.be/standards/fhir/core/NamingSystem/ssin#BeSSINNamingSystem#11111111111)</a></p><p><b>effective</b>: 2025-03-01</p><p><b>performer</b>: <a href="Bundle-VunsPneumoBundleExample.html#Practitioner_Physician">Bundle : identifier = https://terminology.chuliege.be/NamingSystem/global#SampleBundle01; type = document; timestamp = 2025-03-01 12:00:00+0100</a></p><p><b>value</b>: 80</p></div>
        </text>
        <status value="final"/>
        <code>
          <coding>
            <system value="http://terminology.chuliege.be/OmniPro"/>
            <code value="30040:VTIFF"/>
            <display value="Tiffeneau"/>
          </coding>
        </code>
        <subject>
          <reference value="Patient/VunsPatientExample"/>
        </subject>
        <effectiveDateTime value="2025-03-01"/>
        <performer>
          <reference value="Practitioner/Physician"/>
        </performer>
        <valueQuantity>
          <value value="80"/>
        </valueQuantity>
      </Observation>
    </resource>
  </entry>
  <entry>
    <fullUrl value="http://si-s-serv1041/ig/Observation/VunsTobaccoObservationExample"/>
    <resource>
      <Observation>
        <id value="VunsTobaccoObservationExample"/>
        <meta>
          <profile value="http://si-s-serv1041.st.chulg/ig/VersUnSouffleNouveauIG/StructureDefinition/VunsTobaccoObservation"/>
        </meta>
        <text>
          <status value="generated"/><div xmlns="http://www.w3.org/1999/xhtml"><a name="Observation_VunsTobaccoObservationExample"> </a><p class="res-header-id"><b>Generated Narrative: Observation VunsTobaccoObservationExample</b></p><a name="VunsTobaccoObservationExample"> </a><a name="hcVunsTobaccoObservationExample"> </a><a name="VunsTobaccoObservationExample-und"> </a><div style="display: inline-block; background-color: #d9e0e7; padding: 6px; margin: 4px; border: 1px solid #8da1b4; border-radius: 5px; line-height: 60%"><p style="margin-bottom: 0px"/><p style="margin-bottom: 0px">Profil: <a href="StructureDefinition-VunsTobaccoObservation.html">VunsTobaccoObservation</a></p></div><p><b>status</b>: Final</p><p><b>code</b>: <span title="Codes:{http://loinc.org 72166-2}">Tobacco smoking status</span></p><p><b>subject</b>: <a href="Patient-VunsPatientExample.html">Patrick Duflot  Male, Date de Naissance :1974-01-22 ( https://www.ehealth.fgov.be/standards/fhir/core/NamingSystem/ssin#BeSSINNamingSystem#11111111111)</a></p><p><b>effective</b>: 2023-10-01</p><p><b>performer</b>: <a href="Bundle-VunsPneumoBundleExample.html#Practitioner_Physician">Bundle : identifier = https://terminology.chuliege.be/NamingSystem/global#SampleBundle01; type = document; timestamp = 2025-03-01 12:00:00+0100</a></p><p><b>value</b>: <span title="Codes:{http://loinc.org LA18976-3}">Current every day smoker</span></p></div>
        </text>
        <status value="final"/>
        <code>
          <coding>
            <system value="http://loinc.org"/>
            <code value="72166-2"/>
          </coding>
        </code>
        <subject>
          <reference value="Patient/VunsPatientExample"/>
        </subject>
        <effectiveDateTime value="2023-10-01"/>
        <performer>
          <reference value="Practitioner/Physician"/>
        </performer>
        <valueCodeableConcept>
          <coding>
            <system value="http://loinc.org"/>
            <code value="LA18976-3"/>
          </coding>
        </valueCodeableConcept>
      </Observation>
    </resource>
  </entry>
  <entry>
    <fullUrl value="http://si-s-serv1041/ig/Observation/VunsPneumoBioExample"/>
    <resource>
      <Observation>
        <id value="VunsPneumoBioExample"/>
        <meta>
          <profile value="http://si-s-serv1041.st.chulg/ig/VersUnSouffleNouveauIG/StructureDefinition/VunsPneumoBio"/>
        </meta>
        <text>
          <status value="generated"/><div xmlns="http://www.w3.org/1999/xhtml"><a name="Observation_VunsPneumoBioExample"> </a><p class="res-header-id"><b>Generated Narrative: Observation VunsPneumoBioExample</b></p><a name="VunsPneumoBioExample"> </a><a name="hcVunsPneumoBioExample"> </a><a name="VunsPneumoBioExample-und"> </a><div style="display: inline-block; background-color: #d9e0e7; padding: 6px; margin: 4px; border: 1px solid #8da1b4; border-radius: 5px; line-height: 60%"><p style="margin-bottom: 0px"/><p style="margin-bottom: 0px">Profil: <a href="StructureDefinition-VunsPneumoBio.html">VunsPneumoBio</a></p></div><p><b>status</b>: Final</p><p><b>code</b>: <span title="Codes:{http://loinc.org 38483-4}">Creatinine [Mass/volume] in Blood</span></p><p><b>subject</b>: <a href="Patient-VunsPatientExample.html">Patrick Duflot  Male, Date de Naissance :1974-01-22 ( https://www.ehealth.fgov.be/standards/fhir/core/NamingSystem/ssin#BeSSINNamingSystem#11111111111)</a></p><p><b>effective</b>: 2025-03-01</p><p><b>value</b>: 1.8 mg/dL<span style="background: LightGoldenRodYellow"> (Details: UCUM  codemg/dL = 'mg/dL')</span></p></div>
        </text>
        <status value="final"/>
        <code>
          <coding>
            <system value="http://loinc.org"/>
            <code value="38483-4"/>
          </coding>
        </code>
        <subject>
          <reference value="Patient/VunsPatientExample"/>
        </subject>
        <effectiveDateTime value="2025-03-01"/>
        <valueQuantity>
          <value value="1.8"/>
          <system value="http://unitsofmeasure.org"/>
          <code value="mg/dL"/>
        </valueQuantity>
      </Observation>
    </resource>
  </entry>
  <entry>
    <fullUrl value="http://si-s-serv1041/ig/Procedure/VunsEfrExample"/>
    <resource>
      <Procedure>
        <id value="VunsEfrExample"/>
        <meta>
          <profile value="http://si-s-serv1041.st.chulg/ig/VersUnSouffleNouveauIG/StructureDefinition/VunsEfr"/>
        </meta>
        <language value="fr-BE"/>
        <text>
          <status value="generated"/><div xmlns="http://www.w3.org/1999/xhtml" xml:lang="fr-BE" lang="fr-BE"><a name="Procedure_VunsEfrExample"> </a><p class="res-header-id"><b>Generated Narrative: Procedure VunsEfrExample</b></p><a name="VunsEfrExample"> </a><a name="hcVunsEfrExample"> </a><a name="VunsEfrExample-und"> </a><div style="display: inline-block; background-color: #d9e0e7; padding: 6px; margin: 4px; border: 1px solid #8da1b4; border-radius: 5px; line-height: 60%"><p style="margin-bottom: 0px">Language: fr-BE</p><p style="margin-bottom: 0px">Profil: <a href="StructureDefinition-VunsEfr.html">VunsEfr</a></p></div><p><b>status</b>: Completed</p><p><b>code</b>: <span title="Codes:{http://snomed.info/sct 23426006}">Mesure de la fonction respiratoire</span></p><p><b>subject</b>: <a href="Patient-VunsPatientExample.html">Patrick Duflot  Male, Date de Naissance :1974-01-22 ( https://www.ehealth.fgov.be/standards/fhir/core/NamingSystem/ssin#BeSSINNamingSystem#11111111111)</a></p><p><b>encounter</b>: <a href="Bundle-VunsPneumoBundleExample.html#Encounter_EuEncounterExample">Bundle : identifier = https://terminology.chuliege.be/NamingSystem/global#SampleBundle01; type = document; timestamp = 2025-03-01 12:00:00+0100</a></p><p><b>performed</b>: 2025-03-01</p><p><b>report</b>: <a href="Bundle-VunsPneumoBundleExample.html#DiagnosticReport_EfrDiagnosticReport">Bundle : identifier = https://terminology.chuliege.be/NamingSystem/global#SampleBundle01; type = document; timestamp = 2025-03-01 12:00:00+0100</a></p></div>
        </text>
        <status value="completed"/>
        <code>
          <coding>
            <system value="http://snomed.info/sct"/>
            <code value="23426006"/>
          </coding>
          <text value="Mesure de la fonction respiratoire"/>
        </code>
        <subject>
          <reference value="Patient/VunsPatientExample"/>
        </subject>
        <encounter>
          <reference value="Encounter/EuEncounterExample"/>
        </encounter>
        <performedDateTime value="2025-03-01"/>
        <report>
          <reference value="DiagnosticReport/EfrDiagnosticReport"/>
        </report>
      </Procedure>
    </resource>
  </entry>
  <entry>
    <fullUrl value="http://si-s-serv1041/ig/DiagnosticReport/EfrDiagnosticReport"/>
    <resource>
      <DiagnosticReport>
        <id value="EfrDiagnosticReport"/>
        <meta>
          <profile value="http://hl7.org/fhir/uv/ips/StructureDefinition/DiagnosticReport-uv-ips"/>
        </meta>
        <text>
          <status value="generated"/><div xmlns="http://www.w3.org/1999/xhtml"><a name="DiagnosticReport_EfrDiagnosticReport"> </a><p class="res-header-id"><b>Generated Narrative: DiagnosticReport EfrDiagnosticReport</b></p><a name="EfrDiagnosticReport"> </a><a name="hcEfrDiagnosticReport"> </a><a name="EfrDiagnosticReport-und"> </a><div style="display: inline-block; background-color: #d9e0e7; padding: 6px; margin: 4px; border: 1px solid #8da1b4; border-radius: 5px; line-height: 60%"><p style="margin-bottom: 0px"/><p style="margin-bottom: 0px">Profil: <a href="http://hl7.org/fhir/uv/ips/STU1.1/StructureDefinition-DiagnosticReport-uv-ips.html">DiagnosticReport (IPS)</a></p></div><h2><span title="Codes:{http://snomed.info/sct 23426006}">Mesure de la fonction respiratoire</span> (<span title="Codes:{http://snomed.info/sct 386053000}">Procédure d'évaluation</span>) </h2><table class="grid"><tr><td>Sujet</td><td>Patrick Duflot  Male, Date de Naissance :1974-01-22 ( https://www.ehealth.fgov.be/standards/fhir/core/NamingSystem/ssin#BeSSINNamingSystem#11111111111)</td></tr><tr><td>When For</td><td>2025-03-01</td></tr></table><p><b>Report Details</b></p><table class="grid"><tr><td><b>Code</b></td><td><b>Valeur</b></td><td><b>Drapeaux</b></td></tr><tr><td><a href="Observation-VunsEfrObservationExample.html"><span title="Codes:{http://snomed.info/sct 313222007}">Volume expiratoire maximal par seconde divisé par la capacité vitale forcée</span></a></td><td>80 %</td><td>Final</td></tr></table></div>
        </text>
        <status value="final"/>
        <category>
          <coding>
            <system value="http://snomed.info/sct"/>
            <code value="386053000"/>
          </coding>
          <text value="Procédure d'évaluation"/>
        </category>
        <code>
          <coding>
            <system value="http://snomed.info/sct"/>
            <code value="23426006"/>
          </coding>
          <text value="Mesure de la fonction respiratoire"/>
        </code>
        <subject>
          <reference value="Patient/VunsPatientExample"/>
        </subject>
        <effectiveDateTime value="2025-03-01"/>
        <result>
          <reference value="Observation/VunsEfrObservationExample"/>
        </result>
      </DiagnosticReport>
    </resource>
  </entry>
  <entry>
    <fullUrl value="http://si-s-serv1041/ig/DiagnosticReport/VunsPneumoBioReportExample"/>
    <resource>
      <DiagnosticReport>
        <id value="VunsPneumoBioReportExample"/>
        <meta>
          <profile value="http://si-s-serv1041.st.chulg/ig/VersUnSouffleNouveauIG/StructureDefinition/VunsPneumoBioReport"/>
        </meta>
        <text>
          <status value="generated"/><div xmlns="http://www.w3.org/1999/xhtml"><a name="DiagnosticReport_VunsPneumoBioReportExample"> </a><p class="res-header-id"><b>Generated Narrative: DiagnosticReport VunsPneumoBioReportExample</b></p><a name="VunsPneumoBioReportExample"> </a><a name="hcVunsPneumoBioReportExample"> </a><a name="VunsPneumoBioReportExample-und"> </a><div style="display: inline-block; background-color: #d9e0e7; padding: 6px; margin: 4px; border: 1px solid #8da1b4; border-radius: 5px; line-height: 60%"><p style="margin-bottom: 0px"/><p style="margin-bottom: 0px">Profil: <a href="StructureDefinition-VunsPneumoBioReport.html">VunsPneumoBioReport</a></p></div><h2><span title="Codes:{http://loinc.org 11502-2}">Compte rendu du laboratoire</span> (<span title="Codes:{http://terminology.hl7.org/CodeSystem/observation-category laboratory}">Laboratory</span>) </h2><table class="grid"><tr><td>Sujet</td><td>Patrick Duflot  Male, Date de Naissance :1974-01-22 ( https://www.ehealth.fgov.be/standards/fhir/core/NamingSystem/ssin#BeSSINNamingSystem#11111111111)</td></tr><tr><td>When For</td><td>2025-03-01</td></tr><tr><td>Performer</td><td> <a href="Bundle-VunsPneumoBundleExample.html#Organization_VunsLabo">Bundle : identifier = https://terminology.chuliege.be/NamingSystem/global#SampleBundle01; type = document; timestamp = 2025-03-01 12:00:00+0100</a></td></tr></table><p><b>Report Details</b></p><table class="grid"><tr><td><b>Code</b></td><td><b>Valeur</b></td><td><b>Drapeaux</b></td></tr><tr><td><a href="Observation-VunsPneumoBioExample.html"><span title="Codes:{http://loinc.org 38483-4}">Creatinine [Mass/volume] in Blood</span></a></td><td>1.8 mg/dL<span style="background: LightGoldenRodYellow"> (Details: UCUM  codemg/dL = 'mg/dL')</span></td><td>Final</td></tr></table></div>
        </text>
        <status value="final"/>
        <category>
          <coding>
            <system value="http://terminology.hl7.org/CodeSystem/observation-category"/>
            <code value="laboratory"/>
          </coding>
        </category>
        <code>
          <coding>
            <system value="http://loinc.org"/>
            <code value="11502-2"/>
          </coding>
          <text value="Compte rendu du laboratoire"/>
        </code>
        <subject>
          <reference value="Patient/VunsPatientExample"/>
        </subject>
        <effectiveDateTime value="2025-03-01"/>
        <performer>
          <reference value="Organization/VunsLabo"/>
        </performer>
        <result>
          <reference value="Observation/VunsPneumoBioExample"/>
        </result>
      </DiagnosticReport>
    </resource>
  </entry>
  <entry>
    <fullUrl value="http://si-s-serv1041/ig/Organization/GSI"/>
    <resource>
      <Organization>
        <id value="GSI"/>
        <meta>
          <profile value="http://hl7.org/fhir/uv/ips/StructureDefinition/Organization-uv-ips"/>
        </meta>
        <text>
          <status value="generated"/><div xmlns="http://www.w3.org/1999/xhtml"><a name="Organization_GSI"> </a><p class="res-header-id"><b>Generated Narrative: Organization GSI</b></p><a name="GSI"> </a><a name="hcGSI"> </a><a name="GSI-und"> </a><div style="display: inline-block; background-color: #d9e0e7; padding: 6px; margin: 4px; border: 1px solid #8da1b4; border-radius: 5px; line-height: 60%"><p style="margin-bottom: 0px"/><p style="margin-bottom: 0px">Profil: <a href="http://hl7.org/fhir/uv/ips/STU1.1/StructureDefinition-Organization-uv-ips.html">Organization (IPS)</a></p></div><p><b>name</b>: GSI tests</p></div>
        </text>
        <name value="GSI tests"/>
      </Organization>
    </resource>
  </entry>
  <entry>
    <fullUrl value="http://si-s-serv1041/ig/Practitioner/Physician"/>
    <resource>
      <Practitioner>
        <id value="Physician"/>
        <text>
          <status value="generated"/><div xmlns="http://www.w3.org/1999/xhtml"><a name="Practitioner_Physician"> </a><p class="res-header-id"><b>Generated Narrative: Practitioner Physician</b></p><a name="Physician"> </a><a name="hcPhysician"> </a><a name="Physician-und"> </a><p><b>name</b>: Dr. Jean Toubib</p></div>
        </text>
        <name>
          <text value="Dr. Jean Toubib"/>
        </name>
      </Practitioner>
    </resource>
  </entry>
  <entry>
    <fullUrl value="http://si-s-serv1041/ig/Organization/VunsLabo"/>
    <resource>
      <Organization>
        <id value="VunsLabo"/>
        <meta>
          <profile value="http://hl7.org/fhir/uv/ips/StructureDefinition/Organization-uv-ips"/>
        </meta>
        <text>
          <status value="generated"/><div xmlns="http://www.w3.org/1999/xhtml"><a name="Organization_VunsLabo"> </a><p class="res-header-id"><b>Generated Narrative: Organization VunsLabo</b></p><a name="VunsLabo"> </a><a name="hcVunsLabo"> </a><a name="VunsLabo-und"> </a><div style="display: inline-block; background-color: #d9e0e7; padding: 6px; margin: 4px; border: 1px solid #8da1b4; border-radius: 5px; line-height: 60%"><p style="margin-bottom: 0px"/><p style="margin-bottom: 0px">Profil: <a href="http://hl7.org/fhir/uv/ips/STU1.1/StructureDefinition-Organization-uv-ips.html">Organization (IPS)</a></p></div><p><b>name</b>: CHU Labo</p></div>
        </text>
        <name value="CHU Labo"/>
      </Organization>
    </resource>
  </entry>
</Bundle>