<?xml version="1.0" encoding="UTF-8"?>

<Bundle xmlns="http://hl7.org/fhir">
  <id value="VunsPneumoBundleExampleLab"/>
  <meta>
    <profile value="http://si-s-serv1041.st.chulg/ig/VersUnSouffleNouveauIG/StructureDefinition/VunsPneumoBundle"/>
  </meta>
  <identifier>
    <system value="https://terminology.chuliege.be/NamingSystem/global"/>
    <value value="SampleBundle01"/>
  </identifier>
  <type value="document"/>
  <timestamp value="2025-03-01T12:00:00+01:00"/>
  <entry>
    <fullUrl value="http://si-s-serv1041/ig/Composition/VunsPneumoCompositionExampleLab"/>
    <resource>
      <Composition>
        <id value="VunsPneumoCompositionExampleLab"/>
        <meta>
          <profile value="http://hl7.eu/fhir/hdr/StructureDefinition/composition-eu-hdr"/>
        </meta>
        <text>
          <status value="generated"/><div xmlns="http://www.w3.org/1999/xhtml"><a name="Composition_VunsPneumoCompositionExampleLab"> </a><p class="res-header-id"><b>Generated Narrative: Composition VunsPneumoCompositionExampleLab</b></p><a name="VunsPneumoCompositionExampleLab"> </a><a name="hcVunsPneumoCompositionExampleLab"> </a><a name="VunsPneumoCompositionExampleLab-und"> </a><div style="display: inline-block; background-color: #d9e0e7; padding: 6px; margin: 4px; border: 1px solid #8da1b4; border-radius: 5px; line-height: 60%"><p style="margin-bottom: 0px"/><p style="margin-bottom: 0px">Profil: <a href="https://build.fhir.org/ig/hl7-eu/hdr/StructureDefinition-composition-eu-hdr.html">Composition (HDR)</a></p></div><p><b>status</b>: Final</p><p><b>type</b>: <span title="Codes:{http://loinc.org 34105-7}">Hospital Discharge summary</span></p><p><b>date</b>: 2025-03-01</p><p><b>author</b>: <a href="Organization-GSI.html">Organization GSI tests</a></p><p><b>title</b>: Exemple de composition en pneumologie</p></div>
        </text>
        <status value="final"/>
        <type>
          <coding>
            <system value="http://loinc.org"/>
            <code value="34105-7"/>
            <display value="Hospital Discharge summary"/>
          </coding>
        </type>
        <subject>
          <reference value="Patient/VunsLabPatientExample"/>
        </subject>
        <date value="2025-03-01"/>
        <author>
          <reference value="Organization/GSI"/>
        </author>
        <title value="Exemple de composition en pneumologie"/>
        <section>
          <title value="Exemple de titre en pneumologie"/>
          <code>
            <coding>
              <system value="http://loinc.org"/>
              <code value="8648-8"/>
            </coding>
          </code>
          <text>
            <status value="additional"/><div xmlns="http://www.w3.org/1999/xhtml">Exemple de rapport en pneumologie</div>
          </text>
        </section>
        <section>
          <title value="Biologies"/>
          <code>
            <coding>
              <system value="http://loinc.org"/>
              <code value="30954-2"/>
            </coding>
          </code>
          <text>
            <status value="additional"/><div xmlns="http://www.w3.org/1999/xhtml">Biologies</div>
          </text>
          <entry>
            <reference value="Observation/VunsPneumoBioExample"/>
          </entry>
        </section>
      </Composition>
    </resource>
  </entry>
  <entry>
    <fullUrl value="http://si-s-serv1041/ig/Patient/VunsLabPatientExample"/>
    <resource>
      <Patient>
        <id value="VunsLabPatientExample"/>
        <meta>
          <profile value="http://si-s-serv1041.st.chulg/ig/VersUnSouffleNouveauIG/StructureDefinition/VunsLabPatient"/>
          <profile value="https://www.ehealth.fgov.be/standards/fhir/core/StructureDefinition/be-patient"/>
          <profile value="http://hl7.eu/fhir/base/StructureDefinition/patient-eu-core"/>
        </meta>
        <text>
          <status value="generated"/><div xmlns="http://www.w3.org/1999/xhtml"><a name="Patient_VunsLabPatientExample"> </a><p class="res-header-id"><b>Generated Narrative: Patient VunsLabPatientExample</b></p><a name="VunsLabPatientExample"> </a><a name="hcVunsLabPatientExample"> </a><a name="VunsLabPatientExample-und"> </a><div style="display: inline-block; background-color: #d9e0e7; padding: 6px; margin: 4px; border: 1px solid #8da1b4; border-radius: 5px; line-height: 60%"><p style="margin-bottom: 0px"/><p style="margin-bottom: 0px">Profils: <a href="StructureDefinition-VunsLabPatient.html">VunsLabPatient</a>, <a href="https://www.ehealth.fgov.be/standards/fhir/core/2.1.2/StructureDefinition-be-patient.html">BePatient</a>, <a href="https://build.fhir.org/ig/hl7-eu/base/StructureDefinition-patient-eu-core.html">Patient (EU core)</a></p></div><p style="border: 1px #661aff solid; background-color: #e6e6ff; padding: 10px;">Patrick Duflot  Male, Date de Naissance :1974-01-22 ( https://www.ehealth.fgov.be/standards/fhir/core/NamingSystem/ssin#BeSSINNamingSystem#11111111111)</p><hr/><table class="grid"><tr><td style="background-color: #f3f5da" title="Moyens de contacter le Patient">Contact Detail</td><td colspan="3"><ul><li>ph: 04497887145</li><li><a href="mailto:pduflot@chuliege.be">pduflot@chuliege.be</a></li></ul></td></tr></table></div>
        </text>
        <identifier>
          <system value="https://www.ehealth.fgov.be/standards/fhir/core/NamingSystem/ssin"/>
          <value value="11111111111"/>
        </identifier>
        <name>
          <family value="Duflot"/>
          <given value="Patrick"/>
        </name>
        <telecom>
          <system value="phone"/>
          <value value="04497887145"/>
        </telecom>
        <telecom>
          <system value="email"/>
          <value value="pduflot@chuliege.be"/>
        </telecom>
        <gender value="male"/>
        <birthDate value="1974-01-22"/>
      </Patient>
    </resource>
  </entry>
  <entry>
    <fullUrl value="http://si-s-serv1041/ig/Observation/VunsPneumoBioExample"/>
    <resource>
      <Observation>
        <id value="VunsPneumoBioExample"/>
        <meta>
          <profile value="http://hl7.eu/fhir/laboratory/StructureDefinition/Observation-resultslab-eu-lab"/>
        </meta>
        <text>
          <status value="generated"/><div xmlns="http://www.w3.org/1999/xhtml"><a name="Observation_VunsPneumoBioExample"> </a><p class="res-header-id"><b>Generated Narrative: Observation VunsPneumoBioExample</b></p><a name="VunsPneumoBioExample"> </a><a name="hcVunsPneumoBioExample"> </a><a name="VunsPneumoBioExample-und"> </a><div style="display: inline-block; background-color: #d9e0e7; padding: 6px; margin: 4px; border: 1px solid #8da1b4; border-radius: 5px; line-height: 60%"><p style="margin-bottom: 0px"/><p style="margin-bottom: 0px">Profil: <a href="http://hl7.eu/fhir/laboratory/0.1.0/StructureDefinition-Observation-resultslab-eu-lab.html">Observation Results: laboratory</a></p></div><p><b>status</b>: Final</p><p><b>category</b>: <span title="Codes:{http://terminology.hl7.org/CodeSystem/observation-category laboratory}">Laboratory</span></p><p><b>code</b>: <span title="Codes:{http://loinc.org 38483-4}">Creatinine [Mass/volume] in Blood</span></p><p><b>subject</b>: <a href="Patient-VunsLabPatientExample.html">Patrick Duflot  Male, Date de Naissance :1974-01-22 ( https://www.ehealth.fgov.be/standards/fhir/core/NamingSystem/ssin#BeSSINNamingSystem#11111111111)</a></p><p><b>effective</b>: 2025-03-01</p><p><b>performer</b>: <a href="Organization-Vunsabo.html">Organization CHU Labo</a></p><p><b>value</b>: 1.8 mg/dL<span style="background: LightGoldenRodYellow"> (Details: UCUM  codemg/dL = 'mg/dL')</span></p></div>
        </text>
        <status value="final"/>
        <category>
          <coding>
            <system value="http://terminology.hl7.org/CodeSystem/observation-category"/>
            <code value="laboratory"/>
          </coding>
        </category>
        <code>
          <coding>
            <system value="http://loinc.org"/>
            <code value="38483-4"/>
          </coding>
        </code>
        <subject>
          <reference value="Patient/VunsLabPatientExample"/>
        </subject>
        <effectiveDateTime value="2025-03-01"/>
        <performer>
          <reference value="Organization/Vunsabo"/>
        </performer>
        <valueQuantity>
          <value value="1.8"/>
          <system value="http://unitsofmeasure.org"/>
          <code value="mg/dL"/>
        </valueQuantity>
      </Observation>
    </resource>
  </entry>
  <entry>
    <fullUrl value="http://si-s-serv1041/ig/Organization/GSI"/>
    <resource>
      <Organization>
        <id value="GSI"/>
        <meta>
          <profile value="http://hl7.org/fhir/uv/ips/StructureDefinition/Organization-uv-ips"/>
        </meta>
        <text>
          <status value="generated"/><div xmlns="http://www.w3.org/1999/xhtml"><a name="Organization_GSI"> </a><p class="res-header-id"><b>Generated Narrative: Organization GSI</b></p><a name="GSI"> </a><a name="hcGSI"> </a><a name="GSI-und"> </a><div style="display: inline-block; background-color: #d9e0e7; padding: 6px; margin: 4px; border: 1px solid #8da1b4; border-radius: 5px; line-height: 60%"><p style="margin-bottom: 0px"/><p style="margin-bottom: 0px">Profil: <a href="https://build.fhir.org/ig/HL7/fhir-ips/StructureDefinition-Organization-uv-ips.html">Organization (IPS)</a></p></div><p><b>name</b>: GSI tests</p></div>
        </text>
        <name value="GSI tests"/>
      </Organization>
    </resource>
  </entry>
  <entry>
    <fullUrl value="http://si-s-serv1041/ig/Organization/Vunsabo"/>
    <resource>
      <Organization>
        <id value="Vunsabo"/>
        <meta>
          <profile value="http://hl7.org/fhir/uv/ips/StructureDefinition/Organization-uv-ips"/>
        </meta>
        <text>
          <status value="generated"/><div xmlns="http://www.w3.org/1999/xhtml"><a name="Organization_Vunsabo"> </a><p class="res-header-id"><b>Generated Narrative: Organization Vunsabo</b></p><a name="Vunsabo"> </a><a name="hcVunsabo"> </a><a name="Vunsabo-und"> </a><div style="display: inline-block; background-color: #d9e0e7; padding: 6px; margin: 4px; border: 1px solid #8da1b4; border-radius: 5px; line-height: 60%"><p style="margin-bottom: 0px"/><p style="margin-bottom: 0px">Profil: <a href="https://build.fhir.org/ig/HL7/fhir-ips/StructureDefinition-Organization-uv-ips.html">Organization (IPS)</a></p></div><p><b>name</b>: CHU Labo</p></div>
        </text>
        <name value="CHU Labo"/>
      </Organization>
    </resource>
  </entry>
</Bundle>