[
  {
    "id" : "be.chuliege.versunsoufflenouveau",
    "type" : "ImplementationGuide",
    "url" : "http://si-s-serv1041.st.chulg/ig/VersUnSouffleNouveauIG/ImplementationGuide/be.chuliege.versunsoufflenouveau",
    "version" : "0.1.0",
    "name" : "SouffleNouveauIG"
  },
  {
    "id" : "ChulPatient",
    "type" : "StructureDefinition",
    "url" : "http://si-s-serv1041.st.chulg/ig/VersUnSouffleNouveauIG/StructureDefinition/ChulPatient",
    "version" : "0.1.0",
    "name" : "ChulPatient"
  },
  {
    "id" : "VunsEfr",
    "type" : "StructureDefinition",
    "url" : "http://si-s-serv1041.st.chulg/ig/VersUnSouffleNouveauIG/StructureDefinition/VunsEfr",
    "version" : "0.1.0",
    "name" : "VunsEfr"
  },
  {
    "id" : "VunsEfrObservation",
    "type" : "StructureDefinition",
    "url" : "http://si-s-serv1041.st.chulg/ig/VersUnSouffleNouveauIG/StructureDefinition/VunsEfrObservation",
    "version" : "0.1.0",
    "name" : "VunsEfrObservation"
  },
  {
    "id" : "VunsLabPatient",
    "type" : "StructureDefinition",
    "url" : "http://si-s-serv1041.st.chulg/ig/VersUnSouffleNouveauIG/StructureDefinition/VunsLabPatient",
    "version" : "0.1.0",
    "name" : "VunsLabPatient"
  },
  {
    "id" : "VunsPatient",
    "type" : "StructureDefinition",
    "url" : "http://si-s-serv1041.st.chulg/ig/VersUnSouffleNouveauIG/StructureDefinition/VunsPatient",
    "version" : "0.1.0",
    "name" : "VunsPatient"
  },
  {
    "id" : "VunsPneumoBio",
    "type" : "StructureDefinition",
    "url" : "http://si-s-serv1041.st.chulg/ig/VersUnSouffleNouveauIG/StructureDefinition/VunsPneumoBio",
    "version" : "0.1.0",
    "name" : "VunsPneumoBio"
  },
  {
    "id" : "VunsPneumoBundle",
    "type" : "StructureDefinition",
    "url" : "http://si-s-serv1041.st.chulg/ig/VersUnSouffleNouveauIG/StructureDefinition/VunsPneumoBundle",
    "version" : "0.1.0",
    "name" : "VunsPneumoBundle"
  },
  {
    "id" : "VunsPneumoComposition",
    "type" : "StructureDefinition",
    "url" : "http://si-s-serv1041.st.chulg/ig/VersUnSouffleNouveauIG/StructureDefinition/VunsPneumoComposition",
    "version" : "0.1.0",
    "name" : "VunsPneumoComposition"
  },
  {
    "id" : "VunsPneumoCondition",
    "type" : "StructureDefinition",
    "url" : "http://si-s-serv1041.st.chulg/ig/VersUnSouffleNouveauIG/StructureDefinition/VunsPneumoCondition",
    "version" : "0.1.0",
    "name" : "VunsPneumoCondition"
  },
  {
    "id" : "VunsPneumoVitalSign",
    "type" : "StructureDefinition",
    "url" : "http://si-s-serv1041.st.chulg/ig/VersUnSouffleNouveauIG/StructureDefinition/VunsPneumoVitalSign",
    "version" : "0.1.0",
    "name" : "VunsPneumoVitalSign"
  },
  {
    "id" : "VunsTobaccoObservation",
    "type" : "StructureDefinition",
    "url" : "http://si-s-serv1041.st.chulg/ig/VersUnSouffleNouveauIG/StructureDefinition/VunsTobaccoObservation",
    "version" : "0.1.0",
    "name" : "VunsTobaccoObservation"
  },
  {
    "id" : "i2x-efr",
    "type" : "ValueSet",
    "url" : "http://si-s-serv1041.st.chulg/ig/VersUnSouffleNouveauIG/ValueSet/i2x-efr",
    "version" : "0.1.0",
    "name" : "EFR_VS"
  },
  {
    "id" : "i2x-pneumo-bio",
    "type" : "ValueSet",
    "url" : "http://si-s-serv1041.st.chulg/ig/VersUnSouffleNouveauIG/ValueSet/i2x-pneumo-bio",
    "version" : "0.1.0",
    "name" : "PNEUMO_BIO_VS"
  },
  {
    "id" : "i2x-pneumo-diagnostic",
    "type" : "ValueSet",
    "url" : "http://si-s-serv1041.st.chulg/ig/VersUnSouffleNouveauIG/ValueSet/i2x-pneumo-diagnostic",
    "version" : "0.1.0",
    "name" : "PNEUMO_DIAGNOSTIC_VS"
  },
  {
    "id" : "i2x-pneumo-vitaux",
    "type" : "ValueSet",
    "url" : "http://si-s-serv1041.st.chulg/ig/VersUnSouffleNouveauIG/ValueSet/i2x-pneumo-vitaux",
    "version" : "0.1.0",
    "name" : "PNEUMO_VITAAUX_VS"
  },
  {
    "id" : "i2x-tabac",
    "type" : "ValueSet",
    "url" : "http://si-s-serv1041.st.chulg/ig/VersUnSouffleNouveauIG/ValueSet/i2x-tabac",
    "version" : "0.1.0",
    "name" : "TABAC_VS"
  },
  {
    "id" : "i2x-tabac-status",
    "type" : "ValueSet",
    "url" : "http://si-s-serv1041.st.chulg/ig/VersUnSouffleNouveauIG/ValueSet/i2x-tabac-status",
    "version" : "0.1.0",
    "name" : "TABAC_STATUS_VS"
  }
]
