{
  "codeSystems" : [
    {
      "url" : "http://loinc.org",
      "version" : "3.1.0",
      "status" : "active",
      "name" : "LOINC",
      "title" : "Logical Observation Identifiers, Names and Codes (LOINC)",
      "description" : "LOINC provides a set of universal names and ID codes for identifying laboratory and clinical test results.1,2 LOINC facilitates the exchange and pooling of results, such as blood hemoglobin, serum potassium, or vital signs, for clinical care, outcomes management, and research. LOINC's universal identifiers (names and codes) can be used in the context of order and observation exchanges between information systems that use syntax standards such as HL73, CEN TC251, ISO TC215, ASTM4, and DICOM. Specifically, the identifier can be used as the coded value for an observation in any other standard that uses the observation/observation value paradigm, whether messages, documents, application programming interface (API), etc. For example, LOINC codes are used widely in the OBX segment Observation Identifier field (OBX-3) of an ORU HL7 (HL7 version 2.x or ASTM 1238-9410) message that may be sent between a Clinical Laboratory Information Management Systems (LIMS) and Electronic Health Record Systems (EHR).5, 6 In this way, LOINC codes provide universal identifiers that allow the exchange of clinical data between heterogeneous computing environments.",
      "oids" : ["2.16.840.1.113883.6.1"],
      "uses" : {
      },
      "ValueSet-i2x-pneumo-bio.html" : "Jeu de biologies d'intérêt pour la télésurveillance des maladies respiratoires",
      "ValueSet-i2x-tabac-status.html" : "Jeu de concept pour le statut de tabagisme",
      "ValueSet-i2x-tabac.html" : "Jeu de concept de tabacologie",
      "ValueSet-i2x-efr.html" : "Observations d'une épreuve fonctionnelle respiratoire",
      "ValueSet-i2x-pneumo-vitaux.html" : "Signes vitaux pneumologie"
    },
    {
      "url" : "http://snomed.info/sct",
      "version" : null,
      "status" : "active",
      "name" : "SNOMED_CT",
      "title" : "SNOMED CT (all versions)",
      "description" : "SNOMED CT is the most comprehensive and precise clinical health terminology product in the world, owned and distributed around the world by The International Health Terminology Standards Development Organisation (IHTSDO).",
      "oids" : ["2.16.840.1.113883.6.96"],
      "uses" : {
      },
      "ValueSet-i2x-pneumo-diagnostic.html" : "Diagnostic principal maladie respiratoire",
      "ValueSet-i2x-efr.html" : "Observations d'une épreuve fonctionnelle respiratoire"
    }
  ]
}
