{
  "resourceType" : "Composition",
  "id" : "VunsPneumoCompositionExampleLab",
  "meta" : {
    "profile" : ["http://si-s-serv1041.st.chulg/ig/VersUnSouffleNouveauIG/StructureDefinition/VunsPneumoComposition"]
  },
  "text" : {
    "status" : "generated",
    "div" : "<div xmlns=\"http://www.w3.org/1999/xhtml\"><p class=\"res-header-id\"><b>Generated Narrative: Composition VunsPneumoCompositionExampleLab</b></p><a name=\"VunsPneumoCompositionExampleLab\"> </a><a name=\"hcVunsPneumoCompositionExampleLab\"> </a><a name=\"VunsPneumoCompositionExampleLab-und\"> </a><div style=\"display: inline-block; background-color: #d9e0e7; padding: 6px; margin: 4px; border: 1px solid #8da1b4; border-radius: 5px; line-height: 60%\"><p style=\"margin-bottom: 0px\"/><p style=\"margin-bottom: 0px\">Profil: <a href=\"StructureDefinition-VunsPneumoComposition.html\">VunsPneumoComposition</a></p></div><p><b>status</b>: Final</p><p><b>type</b>: <span title=\"Codes:{http://loinc.org 34105-7}\">Hospital Discharge summary</span></p><p><b>date</b>: 2025-03-01</p><p><b>author</b>: <a href=\"Bundle-VunsPneumoBundleExample.html#Organization_GSI\">Bundle : identifier = https://terminology.chuliege.be/NamingSystem/global#SampleBundle01; type = document; timestamp = 2025-03-01 12:00:00+0100</a></p><p><b>title</b>: Exemple de composition en pneumologie</p></div>"
  },
  "status" : "final",
  "type" : {
    "coding" : [{
      "system" : "http://loinc.org",
      "code" : "34105-7",
      "display" : "Hospital Discharge summary"
    }]
  },
  "subject" : {
    "reference" : "Patient/VunsLabPatientExample"
  },
  "date" : "2025-03-01",
  "author" : [{
    "reference" : "Organization/GSI"
  }],
  "title" : "Exemple de composition en pneumologie",
  "section" : [{
    "title" : "Exemple de titre en pneumologie",
    "code" : {
      "coding" : [{
        "system" : "http://loinc.org",
        "code" : "8648-8"
      }]
    },
    "text" : {
      "status" : "additional",
      "div" : "<div xmlns=\"http://www.w3.org/1999/xhtml\">Exemple de rapport en pneumologie</div>"
    }
  },
  {
    "title" : "Diagnostic primaire",
    "code" : {
      "coding" : [{
        "system" : "http://loinc.org",
        "code" : "11535-2"
      }]
    },
    "text" : {
      "status" : "additional",
      "div" : "<div xmlns=\"http://www.w3.org/1999/xhtml\">Diagnostic</div>"
    },
    "entry" : [{
      "reference" : "Condition/VunsPneumoConditionExample"
    }]
  },
  {
    "title" : "Biologies",
    "code" : {
      "coding" : [{
        "system" : "http://loinc.org",
        "code" : "30954-2"
      }]
    },
    "text" : {
      "status" : "additional",
      "div" : "<div xmlns=\"http://www.w3.org/1999/xhtml\">Biologies</div>"
    },
    "entry" : [{
      "reference" : "Observation/VunsPneumoBioExample"
    }]
  }]
}