<?xml version="1.0" encoding="UTF-8"?>

<DiagnosticReport xmlns="http://hl7.org/fhir">
  <id value="VunsPneumoBioReportExample"/>
  <meta>
    <profile value="http://si-s-serv1041.st.chulg/ig/VersUnSouffleNouveauIG/StructureDefinition/VunsPneumoBioReport"/>
  </meta>
  <text>
    <status value="generated"/><div xmlns="http://www.w3.org/1999/xhtml"><p class="res-header-id"><b>Generated Narrative: DiagnosticReport VunsPneumoBioReportExample</b></p><a name="VunsPneumoBioReportExample"> </a><a name="hcVunsPneumoBioReportExample"> </a><a name="VunsPneumoBioReportExample-und"> </a><div style="display: inline-block; background-color: #d9e0e7; padding: 6px; margin: 4px; border: 1px solid #8da1b4; border-radius: 5px; line-height: 60%"><p style="margin-bottom: 0px"/><p style="margin-bottom: 0px">Profil: <a href="StructureDefinition-VunsPneumoBioReport.html">VunsPneumoBioReport</a></p></div><h2><span title="Codes:{http://loinc.org 11502-2}">Compte rendu du laboratoire</span> (<span title="Codes:{http://terminology.hl7.org/CodeSystem/observation-category laboratory}">Laboratory</span>) </h2><table class="grid"><tr><td>Sujet</td><td>Patrick Duflot  Male, Date de Naissance :1974-01-22 ( https://www.ehealth.fgov.be/standards/fhir/core/NamingSystem/ssin#BeSSINNamingSystem#11111111111)</td></tr><tr><td>When For</td><td>2025-03-01</td></tr><tr><td>Performer</td><td> <a href="Bundle-VunsPneumoBundleExample.html#Organization_VunsLabo">Bundle : identifier = https://terminology.chuliege.be/NamingSystem/global#SampleBundle01; type = document; timestamp = 2025-03-01 12:00:00+0100</a></td></tr></table><p><b>Report Details</b></p><table class="grid"><tr><td><b>Code</b></td><td><b>Valeur</b></td><td><b>Drapeaux</b></td></tr><tr><td><a href="Observation-VunsPneumoBioExample.html"><span title="Codes:{http://loinc.org 38483-4}">Creatinine [Mass/volume] in Blood</span></a></td><td>1.8 mg/dL<span style="background: LightGoldenRodYellow"> (Details: UCUM  codemg/dL = 'mg/dL')</span></td><td>Final</td></tr></table></div>
  </text>
  <status value="final"/>
  <category>
    <coding>
      <system value="http://terminology.hl7.org/CodeSystem/observation-category"/>
      <code value="laboratory"/>
    </coding>
  </category>
  <code>
    <coding>
      <system value="http://loinc.org"/>
      <code value="11502-2"/>
    </coding>
    <text value="Compte rendu du laboratoire"/>
  </code>
  <subject>
    <reference value="Patient/VunsPatientExample"/>
  </subject>
  <effectiveDateTime value="2025-03-01"/>
  <performer>
    <reference value="Organization/VunsLabo"/>
  </performer>
  <result>
    <reference value="Observation/VunsPneumoBioExample"/>
  </result>
</DiagnosticReport>