{
  "resourceType" : "Encounter",
  "id" : "EuEncounterExample",
  "meta" : {
    "profile" : ["http://hl7.eu/fhir/hdr/StructureDefinition/encounter-eu-hdr"]
  },
  "text" : {
    "status" : "generated",
    "div" : "<div xmlns=\"http://www.w3.org/1999/xhtml\"><p class=\"res-header-id\"><b>Generated Narrative: Encounter EuEncounterExample</b></p><a name=\"EuEncounterExample\"> </a><a name=\"hcEuEncounterExample\"> </a><a name=\"EuEncounterExample-und\"> </a><div style=\"display: inline-block; background-color: #d9e0e7; padding: 6px; margin: 4px; border: 1px solid #8da1b4; border-radius: 5px; line-height: 60%\"><p style=\"margin-bottom: 0px\"/><p style=\"margin-bottom: 0px\">Profil: <a href=\"https://build.fhir.org/ig/hl7-eu/hdr/StructureDefinition-encounter-eu-hdr.html\">Encounter (HDR)</a></p></div><p><b>status</b>: Finished</p><p><b>class</b>: <a href=\"http://terminology.hl7.org/6.0.2/CodeSystem-v3-ActCode.html#v3-ActCode-SS\">ActCode SS</a>: short stay</p><p><b>subject</b>: <a href=\"Patient-VunsPatientExample.html\">Patrick Duflot  Male, Date de Naissance :1974-01-22 ( https://www.ehealth.fgov.be/standards/fhir/core/NamingSystem/ssin#BeSSINNamingSystem#11111111111)</a></p></div>"
  },
  "status" : "finished",
  "class" : {
    "system" : "http://terminology.hl7.org/CodeSystem/v3-ActCode",
    "code" : "SS"
  },
  "subject" : {
    "reference" : "Patient/VunsPatientExample"
  }
}