{
  "resourceType" : "Bundle",
  "id" : "d7c1757f-558a-4da2-9d4d-82397f8d460a",
  "meta" : {
    "lastUpdated" : "2025-04-09T15:01:50.350+02:00"
  },
  "type" : "collection",
  "entry" : [{
    "fullUrl" : "http://si-s-serv1041.st.chulg/ig/VersUnSouffleNouveauIG/ValueSet/i2x-efr",
    "resource" : {
      "resourceType" : "ValueSet",
      "text" : {
        "status" : "generated",
        "div" : "<div xmlns=\"http://www.w3.org/1999/xhtml\"><p class=\"res-header-id\"><b>ValueSet </b></p><div style=\"border: black 1px dotted; background-color: #EEEEEE; padding: 8px; margin-bottom: 8px\"><p>Expansion from tx.fhir.org based on:</p><ul><li>Loinc v2.80</li><li>SNOMED CT 900000000000207008 edition 01-févr. 2025</li></ul></div><p>Ce jeu de valeur (ValueSet) contient 3 concepts</p><table class=\"codes\"><tr><td style=\"white-space:nowrap\"><b>Code</b></td><td><b>Système</b></td><td><b>Display (und)</b></td></tr><tr><td style=\"white-space:nowrap\"><a name=\"x-http://loinc.org-81450-9\"> </a>\u00a0\u00a0<a href=\"https://loinc.org/81450-9/\">81450-9</a></td><td>http://loinc.org</td><td>Total lung capacity --pre bronchodilation</td></tr><tr><td style=\"white-space:nowrap\"><a name=\"x-http://snomed.info/sct-407602006\"> </a>\u00a0\u00a0<a href=\"http://snomed.info/id/407602006\">407602006</a></td><td>http://snomed.info/sct</td><td>Volume expiratoire maximal par seconde</td></tr><tr><td style=\"white-space:nowrap\"><a name=\"x-http://snomed.info/sct-313222007\"> </a>\u00a0\u00a0<a href=\"http://snomed.info/id/313222007\">313222007</a></td><td>http://snomed.info/sct</td><td>FEV1/FVC percent</td></tr></table></div>"
      },
      "url" : "http://si-s-serv1041.st.chulg/ig/VersUnSouffleNouveauIG/ValueSet/i2x-efr",
      "version" : "0.1.0",
      "name" : "EFR_VS",
      "title" : "Observations d'une épreuve fonctionnelle respiratoire",
      "status" : "draft",
      "date" : "2025-04-09T15:00:50+02:00",
      "expansion" : {
        "identifier" : "urn:uuid:7ee38510-df8f-4749-9efe-f95eced963d3",
        "timestamp" : "2025-04-09T15:02:52+02:00",
        "total" : 3,
        "offset" : 0,
        "parameter" : [{
          "name" : "displayLanguage",
          "valueCode" : "und"
        },
        {
          "name" : "count",
          "valueInteger" : 1000
        },
        {
          "name" : "offset",
          "valueInteger" : 0
        },
        {
          "name" : "excludeNested",
          "valueBoolean" : false
        },
        {
          "name" : "used-valueset",
          "valueUri" : "null"
        },
        {
          "name" : "displayLanguage",
          "valueCode" : "en-US"
        },
        {
          "name" : "used-codesystem",
          "valueUri" : "http://loinc.org|2.80"
        },
        {
          "name" : "version",
          "valueUri" : "http://loinc.org|2.80"
        },
        {
          "name" : "excludeNested",
          "valueBoolean" : true
        },
        {
          "name" : "used-codesystem",
          "valueUri" : "http://snomed.info/sct|http://snomed.info/sct/900000000000207008/version/20250201"
        },
        {
          "name" : "version",
          "valueUri" : "http://snomed.info/sct|http://snomed.info/sct/900000000000207008/version/20250201"
        }],
        "contains" : [{
          "system" : "http://loinc.org",
          "code" : "81450-9",
          "display" : "Total lung capacity --pre bronchodilation"
        },
        {
          "system" : "http://snomed.info/sct",
          "code" : "407602006",
          "display" : "Volume expiratoire maximal par seconde"
        },
        {
          "system" : "http://snomed.info/sct",
          "code" : "313222007",
          "display" : "FEV1/FVC percent"
        }]
      }
    }
  },
  {
    "fullUrl" : "http://si-s-serv1041.st.chulg/ig/VersUnSouffleNouveauIG/ValueSet/i2x-pneumo-bio",
    "resource" : {
      "resourceType" : "ValueSet",
      "text" : {
        "status" : "generated",
        "div" : "<div xmlns=\"http://www.w3.org/1999/xhtml\"><p class=\"res-header-id\"><b>ValueSet </b></p><p style=\"border: black 1px dotted; background-color: #EEEEEE; padding: 8px; margin-bottom: 8px\">Expansion from tx.fhir.org based on Loinc v2.80</p><p>Ce jeu de valeur (ValueSet) contient 6 concepts</p><table class=\"codes\"><tr><td style=\"white-space:nowrap\"><b>Code</b></td><td><b>Système</b></td><td><b>Display (und)</b></td></tr><tr><td style=\"white-space:nowrap\"><a name=\"x-http://loinc.org-718-7\"> </a>\u00a0\u00a0<a href=\"https://loinc.org/718-7/\">718-7</a></td><td>http://loinc.org</td><td>Hemoglobin [Mass/volume] in Blood</td></tr><tr><td style=\"white-space:nowrap\"><a name=\"x-http://loinc.org-1988-5\"> </a>\u00a0\u00a0<a href=\"https://loinc.org/1988-5/\">1988-5</a></td><td>http://loinc.org</td><td>C reactive protein [Mass/volume] in Serum or Plasma</td></tr><tr><td style=\"white-space:nowrap\"><a name=\"x-http://loinc.org-26449-9\"> </a>\u00a0\u00a0<a href=\"https://loinc.org/26449-9/\">26449-9</a></td><td>http://loinc.org</td><td>Eosinophils [#/volume] in Blood</td></tr><tr><td style=\"white-space:nowrap\"><a name=\"x-http://loinc.org-38483-4\"> </a>\u00a0\u00a0<a href=\"https://loinc.org/38483-4/\">38483-4</a></td><td>http://loinc.org</td><td>Creatinine [Mass/volume] in Blood</td></tr><tr><td style=\"white-space:nowrap\"><a name=\"x-http://loinc.org-70969-1\"> </a>\u00a0\u00a0<a href=\"https://loinc.org/70969-1/\">70969-1</a></td><td>http://loinc.org</td><td>Glomerular filtration rate [Volume Rate/Area] in Serum, Plasma or Blood by Creatinine-based formula (MDRD)/1.73 sq M among male population</td></tr><tr><td style=\"white-space:nowrap\"><a name=\"x-http://loinc.org-50044-7\"> </a>\u00a0\u00a0<a href=\"https://loinc.org/50044-7/\">50044-7</a></td><td>http://loinc.org</td><td>Glomerular filtration rate [Volume Rate/Area] in Serum, Plasma or Blood by Creatinine-based formula (MDRD)/1.73 sq M among female population</td></tr></table></div>"
      },
      "url" : "http://si-s-serv1041.st.chulg/ig/VersUnSouffleNouveauIG/ValueSet/i2x-pneumo-bio",
      "version" : "0.1.0",
      "name" : "PNEUMO_BIO_VS",
      "title" : "Jeu de biologies d'intérêt pour la télésurveillance des maladies respiratoires",
      "status" : "draft",
      "date" : "2025-04-09T15:00:50+02:00",
      "expansion" : {
        "identifier" : "urn:uuid:9b071611-42d4-451b-9834-bc8ddc759554",
        "timestamp" : "2025-04-09T15:02:53+02:00",
        "total" : 6,
        "offset" : 0,
        "parameter" : [{
          "name" : "displayLanguage",
          "valueCode" : "und"
        },
        {
          "name" : "count",
          "valueInteger" : 1000
        },
        {
          "name" : "offset",
          "valueInteger" : 0
        },
        {
          "name" : "excludeNested",
          "valueBoolean" : false
        },
        {
          "name" : "used-valueset",
          "valueUri" : "null"
        },
        {
          "name" : "displayLanguage",
          "valueCode" : "en-US"
        },
        {
          "name" : "used-codesystem",
          "valueUri" : "http://loinc.org|2.80"
        },
        {
          "name" : "version",
          "valueUri" : "http://loinc.org|2.80"
        }],
        "contains" : [{
          "system" : "http://loinc.org",
          "code" : "718-7",
          "display" : "Hemoglobin [Mass/volume] in Blood"
        },
        {
          "system" : "http://loinc.org",
          "code" : "1988-5",
          "display" : "C reactive protein [Mass/volume] in Serum or Plasma"
        },
        {
          "system" : "http://loinc.org",
          "code" : "26449-9",
          "display" : "Eosinophils [#/volume] in Blood"
        },
        {
          "system" : "http://loinc.org",
          "code" : "38483-4",
          "display" : "Creatinine [Mass/volume] in Blood"
        },
        {
          "system" : "http://loinc.org",
          "code" : "70969-1",
          "display" : "Glomerular filtration rate [Volume Rate/Area] in Serum, Plasma or Blood by Creatinine-based formula (MDRD)/1.73 sq M among male population"
        },
        {
          "system" : "http://loinc.org",
          "code" : "50044-7",
          "display" : "Glomerular filtration rate [Volume Rate/Area] in Serum, Plasma or Blood by Creatinine-based formula (MDRD)/1.73 sq M among female population"
        }]
      }
    }
  },
  {
    "fullUrl" : "http://si-s-serv1041.st.chulg/ig/VersUnSouffleNouveauIG/ValueSet/i2x-pneumo-diagnostic",
    "resource" : {
      "resourceType" : "ValueSet",
      "text" : {
        "status" : "generated",
        "div" : "<div xmlns=\"http://www.w3.org/1999/xhtml\"><p class=\"res-header-id\"><b>ValueSet </b></p><p style=\"border: black 1px dotted; background-color: #EEEEEE; padding: 8px; margin-bottom: 8px\">Expansion from tx.fhir.org based on SNOMED CT 900000000000207008 edition 01-févr. 2025</p><p>Ce jeu de valeur (ValueSet) contient 5 concepts</p><table class=\"codes\"><tr><td style=\"white-space:nowrap\"><b>Code</b></td><td><b>Système</b></td><td><b>Display (und)</b></td></tr><tr><td style=\"white-space:nowrap\"><a name=\"x-http://snomed.info/sct-195967001\"> </a>\u00a0\u00a0<a href=\"http://snomed.info/id/195967001\">195967001</a></td><td>http://snomed.info/sct</td><td>Airway hyperreactivity</td></tr><tr><td style=\"white-space:nowrap\"><a name=\"x-http://snomed.info/sct-63480004\"> </a>\u00a0\u00a0<a href=\"http://snomed.info/id/63480004\">63480004</a></td><td>http://snomed.info/sct</td><td>Chronic bronchitis</td></tr><tr><td style=\"white-space:nowrap\"><a name=\"x-http://snomed.info/sct-102361000119104\"> </a>\u00a0\u00a0<a href=\"http://snomed.info/id/102361000119104\">102361000119104</a></td><td>http://snomed.info/sct</td><td>Chronic pneumonia</td></tr><tr><td style=\"white-space:nowrap\"><a name=\"x-http://snomed.info/sct-2561000112106\"> </a>\u00a0\u00a0<a href=\"http://snomed.info/id/2561000112106\">2561000112106</a></td><td>http://snomed.info/sct</td><td>Chronic refractory cough</td></tr><tr><td style=\"white-space:nowrap\"><a name=\"x-http://snomed.info/sct-13645005\"> </a>\u00a0\u00a0<a href=\"http://snomed.info/id/13645005\">13645005</a></td><td>http://snomed.info/sct</td><td>Chronic obstructive lung disease</td></tr></table></div>"
      },
      "url" : "http://si-s-serv1041.st.chulg/ig/VersUnSouffleNouveauIG/ValueSet/i2x-pneumo-diagnostic",
      "version" : "0.1.0",
      "name" : "PNEUMO_DIAGNOSTIC_VS",
      "title" : "Diagnostic principal maladie respiratoire",
      "status" : "draft",
      "date" : "2025-04-09T15:00:50+02:00",
      "expansion" : {
        "identifier" : "urn:uuid:9676c1f8-0946-4110-92ee-6a873e64be72",
        "timestamp" : "2025-04-09T15:02:53+02:00",
        "total" : 5,
        "offset" : 0,
        "parameter" : [{
          "name" : "displayLanguage",
          "valueCode" : "und"
        },
        {
          "name" : "count",
          "valueInteger" : 1000
        },
        {
          "name" : "offset",
          "valueInteger" : 0
        },
        {
          "name" : "excludeNested",
          "valueBoolean" : false
        },
        {
          "name" : "used-valueset",
          "valueUri" : "null"
        },
        {
          "name" : "displayLanguage",
          "valueCode" : "en-US"
        },
        {
          "name" : "used-codesystem",
          "valueUri" : "http://snomed.info/sct|http://snomed.info/sct/900000000000207008/version/20250201"
        },
        {
          "name" : "version",
          "valueUri" : "http://snomed.info/sct|http://snomed.info/sct/900000000000207008/version/20250201"
        }],
        "contains" : [{
          "system" : "http://snomed.info/sct",
          "code" : "195967001",
          "display" : "Airway hyperreactivity"
        },
        {
          "system" : "http://snomed.info/sct",
          "code" : "63480004",
          "display" : "Chronic bronchitis"
        },
        {
          "system" : "http://snomed.info/sct",
          "code" : "102361000119104",
          "display" : "Chronic pneumonia"
        },
        {
          "system" : "http://snomed.info/sct",
          "code" : "2561000112106",
          "display" : "Chronic refractory cough"
        },
        {
          "system" : "http://snomed.info/sct",
          "code" : "13645005",
          "display" : "Chronic obstructive lung disease"
        }]
      }
    }
  },
  {
    "fullUrl" : "http://si-s-serv1041.st.chulg/ig/VersUnSouffleNouveauIG/ValueSet/i2x-pneumo-vitaux",
    "resource" : {
      "resourceType" : "ValueSet",
      "text" : {
        "status" : "generated",
        "div" : "<div xmlns=\"http://www.w3.org/1999/xhtml\"><p class=\"res-header-id\"><b>ValueSet </b></p><p style=\"border: black 1px dotted; background-color: #EEEEEE; padding: 8px; margin-bottom: 8px\">Expansion from tx.fhir.org based on Loinc v2.80</p><p>Ce jeu de valeur (ValueSet) contient 2 concepts</p><table class=\"codes\"><tr><td style=\"white-space:nowrap\"><b>Code</b></td><td><b>Système</b></td><td><b>Display (und)</b></td></tr><tr><td style=\"white-space:nowrap\"><a name=\"x-http://loinc.org-29463-7\"> </a>\u00a0\u00a0<a href=\"https://loinc.org/29463-7/\">29463-7</a></td><td>http://loinc.org</td><td>Body weight</td></tr><tr><td style=\"white-space:nowrap\"><a name=\"x-http://loinc.org-8302-2\"> </a>\u00a0\u00a0<a href=\"https://loinc.org/8302-2/\">8302-2</a></td><td>http://loinc.org</td><td>Body height</td></tr></table></div>"
      },
      "url" : "http://si-s-serv1041.st.chulg/ig/VersUnSouffleNouveauIG/ValueSet/i2x-pneumo-vitaux",
      "version" : "0.1.0",
      "name" : "PNEUMO_VITAAUX_VS",
      "title" : "Signes vitaux pneumologie",
      "status" : "draft",
      "date" : "2025-04-09T15:00:50+02:00",
      "expansion" : {
        "identifier" : "urn:uuid:9ea89d62-d5d4-4574-908e-a6db0a1f98b6",
        "timestamp" : "2025-04-09T15:02:53+02:00",
        "total" : 2,
        "offset" : 0,
        "parameter" : [{
          "name" : "displayLanguage",
          "valueCode" : "und"
        },
        {
          "name" : "count",
          "valueInteger" : 1000
        },
        {
          "name" : "offset",
          "valueInteger" : 0
        },
        {
          "name" : "excludeNested",
          "valueBoolean" : false
        },
        {
          "name" : "used-valueset",
          "valueUri" : "null"
        },
        {
          "name" : "displayLanguage",
          "valueCode" : "en-US"
        },
        {
          "name" : "used-codesystem",
          "valueUri" : "http://loinc.org|2.80"
        },
        {
          "name" : "version",
          "valueUri" : "http://loinc.org|2.80"
        }],
        "contains" : [{
          "system" : "http://loinc.org",
          "code" : "29463-7",
          "display" : "Body weight"
        },
        {
          "system" : "http://loinc.org",
          "code" : "8302-2",
          "display" : "Body height"
        }]
      }
    }
  },
  {
    "fullUrl" : "http://si-s-serv1041.st.chulg/ig/VersUnSouffleNouveauIG/ValueSet/i2x-tabac-status",
    "resource" : {
      "resourceType" : "ValueSet",
      "text" : {
        "status" : "generated",
        "div" : "<div xmlns=\"http://www.w3.org/1999/xhtml\"><p class=\"res-header-id\"><b>ValueSet </b></p><p style=\"border: black 1px dotted; background-color: #EEEEEE; padding: 8px; margin-bottom: 8px\">Expansion from tx.fhir.org based on Loinc v2.80</p><p>Ce jeu de valeur (ValueSet) contient 4 concepts</p><table class=\"codes\"><tr><td style=\"white-space:nowrap\"><b>Code</b></td><td><b>Système</b></td><td><b>Display (und)</b></td></tr><tr><td style=\"white-space:nowrap\"><a name=\"x-http://loinc.org-LA18976-3\"> </a>\u00a0\u00a0<a href=\"https://loinc.org/LA18976-3/\">LA18976-3</a></td><td>http://loinc.org</td><td>Current every day smoker</td></tr><tr><td style=\"white-space:nowrap\"><a name=\"x-http://loinc.org-LA15920-4\"> </a>\u00a0\u00a0<a href=\"https://loinc.org/LA15920-4/\">LA15920-4</a></td><td>http://loinc.org</td><td>Former smoker</td></tr><tr><td style=\"white-space:nowrap\"><a name=\"x-http://loinc.org-LA18978-9\"> </a>\u00a0\u00a0<a href=\"https://loinc.org/LA18978-9/\">LA18978-9</a></td><td>http://loinc.org</td><td>Never smoker</td></tr><tr><td style=\"white-space:nowrap\"><a name=\"x-http://loinc.org-LA18979-7\"> </a>\u00a0\u00a0<a href=\"https://loinc.org/LA18979-7/\">LA18979-7</a></td><td>http://loinc.org</td><td>Smoker, current status unknown</td></tr></table></div>"
      },
      "url" : "http://si-s-serv1041.st.chulg/ig/VersUnSouffleNouveauIG/ValueSet/i2x-tabac-status",
      "version" : "0.1.0",
      "name" : "TABAC_STATUS_VS",
      "title" : "Jeu de concept pour le statut de tabagisme",
      "status" : "draft",
      "date" : "2025-04-09T15:00:50+02:00",
      "expansion" : {
        "identifier" : "urn:uuid:e3ab66ca-32b5-4415-b0f7-624cedc90786",
        "timestamp" : "2025-04-09T15:02:53+02:00",
        "total" : 4,
        "offset" : 0,
        "parameter" : [{
          "name" : "displayLanguage",
          "valueCode" : "und"
        },
        {
          "name" : "count",
          "valueInteger" : 1000
        },
        {
          "name" : "offset",
          "valueInteger" : 0
        },
        {
          "name" : "excludeNested",
          "valueBoolean" : false
        },
        {
          "name" : "used-valueset",
          "valueUri" : "null"
        },
        {
          "name" : "displayLanguage",
          "valueCode" : "en-US"
        },
        {
          "name" : "used-codesystem",
          "valueUri" : "http://loinc.org|2.80"
        },
        {
          "name" : "version",
          "valueUri" : "http://loinc.org|2.80"
        }],
        "contains" : [{
          "system" : "http://loinc.org",
          "code" : "LA18976-3",
          "display" : "Current every day smoker"
        },
        {
          "system" : "http://loinc.org",
          "code" : "LA15920-4",
          "display" : "Former smoker"
        },
        {
          "system" : "http://loinc.org",
          "code" : "LA18978-9",
          "display" : "Never smoker"
        },
        {
          "system" : "http://loinc.org",
          "code" : "LA18979-7",
          "display" : "Smoker, current status unknown"
        }]
      }
    }
  },
  {
    "fullUrl" : "http://si-s-serv1041.st.chulg/ig/VersUnSouffleNouveauIG/ValueSet/i2x-tabac",
    "resource" : {
      "resourceType" : "ValueSet",
      "text" : {
        "status" : "generated",
        "div" : "<div xmlns=\"http://www.w3.org/1999/xhtml\"><p class=\"res-header-id\"><b>ValueSet </b></p><p style=\"border: black 1px dotted; background-color: #EEEEEE; padding: 8px; margin-bottom: 8px\">Expansion from tx.fhir.org based on Loinc v2.80</p><p>Ce jeu de valeur (ValueSet) contient 3 concepts</p><table class=\"codes\"><tr><td style=\"white-space:nowrap\"><b>Code</b></td><td><b>Système</b></td><td><b>Display (und)</b></td></tr><tr><td style=\"white-space:nowrap\"><a name=\"x-http://loinc.org-72166-2\"> </a>\u00a0\u00a0<a href=\"https://loinc.org/72166-2/\">72166-2</a></td><td>http://loinc.org</td><td>Tobacco smoking status</td></tr><tr><td style=\"white-space:nowrap\"><a name=\"x-http://loinc.org-74011-8\"> </a>\u00a0\u00a0<a href=\"https://loinc.org/74011-8/\">74011-8</a></td><td>http://loinc.org</td><td>Lifetime tobacco use</td></tr><tr><td style=\"white-space:nowrap\"><a name=\"x-http://loinc.org-88029-4\"> </a>\u00a0\u00a0<a href=\"https://loinc.org/88029-4/\">88029-4</a></td><td>http://loinc.org</td><td>Tobacco use duration</td></tr></table></div>"
      },
      "url" : "http://si-s-serv1041.st.chulg/ig/VersUnSouffleNouveauIG/ValueSet/i2x-tabac",
      "version" : "0.1.0",
      "name" : "TABAC_VS",
      "title" : "Jeu de concept de tabacologie",
      "status" : "draft",
      "date" : "2025-04-09T15:00:50+02:00",
      "expansion" : {
        "identifier" : "urn:uuid:bfe34b83-3c3b-46de-87f2-609d5f2715de",
        "timestamp" : "2025-04-09T15:02:53+02:00",
        "total" : 3,
        "offset" : 0,
        "parameter" : [{
          "name" : "displayLanguage",
          "valueCode" : "und"
        },
        {
          "name" : "count",
          "valueInteger" : 1000
        },
        {
          "name" : "offset",
          "valueInteger" : 0
        },
        {
          "name" : "excludeNested",
          "valueBoolean" : false
        },
        {
          "name" : "used-valueset",
          "valueUri" : "null"
        },
        {
          "name" : "displayLanguage",
          "valueCode" : "en-US"
        },
        {
          "name" : "used-codesystem",
          "valueUri" : "http://loinc.org|2.80"
        },
        {
          "name" : "version",
          "valueUri" : "http://loinc.org|2.80"
        }],
        "contains" : [{
          "system" : "http://loinc.org",
          "code" : "72166-2",
          "display" : "Tobacco smoking status"
        },
        {
          "system" : "http://loinc.org",
          "code" : "74011-8",
          "display" : "Lifetime tobacco use"
        },
        {
          "system" : "http://loinc.org",
          "code" : "88029-4",
          "display" : "Tobacco use duration"
        }]
      }
    }
  }]
}