<?xml version="1.0" encoding="UTF-8"?>

<Bundle xmlns="http://hl7.org/fhir">
  <id value="335c741f-bea8-4e76-aa39-1583d925357d"/>
  <meta>
    <lastUpdated value="2025-05-28T10:03:01.771+02:00"/>
  </meta>
  <type value="collection"/>
  <entry>
    <fullUrl value="http://si-s-serv1041.st.chulg/ig/VersUnSouffleNouveauIG/ValueSet/i2x-efr"/>
    <resource>
      <ValueSet>
        <text>
          <status value="generated"/>
          <div xmlns="http://www.w3.org/1999/xhtml">
            <p class="res-header-id">
              <b>ValueSet </b>
            </p>
            <p style="border: black 1px dotted; background-color: #EEEEEE; padding: 8px; margin-bottom: 8px">Expansion from tx.fhir.org based on Loinc v2.80</p>
            <p>Ce jeu de valeur (ValueSet) contient 11 concepts</p>
            <table class="codes">
              <tr>
                <td style="white-space:nowrap">
                  <b>Code</b>
                </td>
                <td>
                  <b>Système</b>
                </td>
                <td>
                  <b>Display (und)</b>
                </td>
              </tr>
              <tr>
                <td style="white-space:nowrap">
                  <a name="x-http://loinc.org-19876-2"> </a>  
                  <a href="https://loinc.org/19876-2/">19876-2</a>
                </td>
                <td>http://loinc.org</td>
                <td>Forced vital capacity [Volume] Respiratory system by Spirometry --pre bronchodilation</td>
              </tr>
              <tr>
                <td style="white-space:nowrap">
                  <a name="x-http://loinc.org-20157-4"> </a>  
                  <a href="https://loinc.org/20157-4/">20157-4</a>
                </td>
                <td>http://loinc.org</td>
                <td>FEV1 --pre bronchodilation</td>
              </tr>
              <tr>
                <td style="white-space:nowrap">
                  <a name="x-http://loinc.org-81450-9"> </a>  
                  <a href="https://loinc.org/81450-9/">81450-9</a>
                </td>
                <td>http://loinc.org</td>
                <td>Total lung capacity --pre bronchodilation</td>
              </tr>
              <tr>
                <td style="white-space:nowrap">
                  <a name="x-http://loinc.org-19926-5"> </a>  
                  <a href="https://loinc.org/19926-5/">19926-5</a>
                </td>
                <td>http://loinc.org</td>
                <td>FEV1/FVC</td>
              </tr>
              <tr>
                <td style="white-space:nowrap">
                  <a name="x-http://loinc.org-19871-3"> </a>  
                  <a href="https://loinc.org/19871-3/">19871-3</a>
                </td>
                <td>http://loinc.org</td>
                <td>FVC pre bronchodilation measured/predicted</td>
              </tr>
              <tr>
                <td style="white-space:nowrap">
                  <a name="x-http://loinc.org-20152-5"> </a>  
                  <a href="https://loinc.org/20152-5/">20152-5</a>
                </td>
                <td>http://loinc.org</td>
                <td>FEV1 measured/predicted</td>
              </tr>
              <tr>
                <td style="white-space:nowrap">
                  <a name="x-http://loinc.org-89085-5"> </a>  
                  <a href="https://loinc.org/89085-5/">89085-5</a>
                </td>
                <td>http://loinc.org</td>
                <td>Total lung capacity measured/predicted by Plethysmograph body box</td>
              </tr>
              <tr>
                <td style="white-space:nowrap">
                  <a name="x-http://loinc.org-81454-1"> </a>  
                  <a href="https://loinc.org/81454-1/">81454-1</a>
                </td>
                <td>http://loinc.org</td>
                <td>Residual volume/Total capacity --pre bronchodilation</td>
              </tr>
              <tr>
                <td style="white-space:nowrap">
                  <a name="x-http://loinc.org-43252-6"> </a>  
                  <a href="https://loinc.org/43252-6/">43252-6</a>
                </td>
                <td>http://loinc.org</td>
                <td>Residual volume/Total capacity Predicted</td>
              </tr>
              <tr>
                <td style="white-space:nowrap">
                  <a name="x-http://loinc.org-98130-8"> </a>  
                  <a href="https://loinc.org/98130-8/">98130-8</a>
                </td>
                <td>http://loinc.org</td>
                <td>Diffusion capacity.carbon monoxide/Predicted</td>
              </tr>
              <tr>
                <td style="white-space:nowrap">
                  <a name="x-http://loinc.org-98203-3"> </a>  
                  <a href="https://loinc.org/98203-3/">98203-3</a>
                </td>
                <td>http://loinc.org</td>
                <td>(Diffusion capacity/Alveolar volume)/predicted</td>
              </tr>
            </table>
          </div>
        </text>
        <url value="http://si-s-serv1041.st.chulg/ig/VersUnSouffleNouveauIG/ValueSet/i2x-efr"/>
        <version value="0.1.0"/>
        <name value="EFR_VS"/>
        <title value="Jeu d'observations d'une épreuve fonctionnelle respiratoire"/>
        <status value="draft"/>
        <date value="2025-04-14"/>
        <expansion>
          <identifier value="urn:uuid:8fcaee1b-e8a7-4fa2-bebe-461519736ca3"/>
          <timestamp value="2025-05-28T10:06:13+02:00"/>
          <total value="11"/>
          <offset value="0"/>
          <parameter>
            <name value="displayLanguage"/>
            <valueCode value="und"/>
          </parameter>
          <parameter>
            <name value="count"/>
            <valueInteger value="1000"/>
          </parameter>
          <parameter>
            <name value="offset"/>
            <valueInteger value="0"/>
          </parameter>
          <parameter>
            <name value="excludeNested"/>
            <valueBoolean value="false"/>
          </parameter>
          <parameter>
            <name value="used-valueset"/>
            <valueUri value="null"/>
          </parameter>
          <parameter>
            <name value="used-codesystem"/>
            <valueUri value="http://loinc.org|2.80"/>
          </parameter>
          <parameter>
            <name value="version"/>
            <valueUri value="http://loinc.org|2.80"/>
          </parameter>
          <contains>
            <system value="http://loinc.org"/>
            <code value="19876-2"/>
            <display value="Forced vital capacity [Volume] Respiratory system by Spirometry --pre bronchodilation"/>
          </contains>
          <contains>
            <system value="http://loinc.org"/>
            <code value="20157-4"/>
            <display value="FEV1 --pre bronchodilation"/>
          </contains>
          <contains>
            <system value="http://loinc.org"/>
            <code value="81450-9"/>
            <display value="Total lung capacity --pre bronchodilation"/>
          </contains>
          <contains>
            <system value="http://loinc.org"/>
            <code value="19926-5"/>
            <display value="FEV1/FVC"/>
          </contains>
          <contains>
            <system value="http://loinc.org"/>
            <code value="19871-3"/>
            <display value="FVC pre bronchodilation measured/predicted"/>
          </contains>
          <contains>
            <system value="http://loinc.org"/>
            <code value="20152-5"/>
            <display value="FEV1 measured/predicted"/>
          </contains>
          <contains>
            <system value="http://loinc.org"/>
            <code value="89085-5"/>
            <display value="Total lung capacity measured/predicted by Plethysmograph body box"/>
          </contains>
          <contains>
            <system value="http://loinc.org"/>
            <code value="81454-1"/>
            <display value="Residual volume/Total capacity --pre bronchodilation"/>
          </contains>
          <contains>
            <system value="http://loinc.org"/>
            <code value="43252-6"/>
            <display value="Residual volume/Total capacity Predicted"/>
          </contains>
          <contains>
            <system value="http://loinc.org"/>
            <code value="98130-8"/>
            <display value="Diffusion capacity.carbon monoxide/Predicted"/>
          </contains>
          <contains>
            <system value="http://loinc.org"/>
            <code value="98203-3"/>
            <display value="(Diffusion capacity/Alveolar volume)/predicted"/>
          </contains>
        </expansion>
      </ValueSet>
    </resource>
  </entry>
  <entry>
    <fullUrl value="http://si-s-serv1041.st.chulg/ig/VersUnSouffleNouveauIG/ValueSet/i2x-pneumo-bio"/>
    <resource>
      <ValueSet>
        <text>
          <status value="generated"/>
          <div xmlns="http://www.w3.org/1999/xhtml">
            <p class="res-header-id">
              <b>ValueSet </b>
            </p>
            <p style="border: black 1px dotted; background-color: #EEEEEE; padding: 8px; margin-bottom: 8px">Expansion from tx.fhir.org based on Loinc v2.80</p>
            <p>Ce jeu de valeur (ValueSet) contient 6 concepts</p>
            <table class="codes">
              <tr>
                <td style="white-space:nowrap">
                  <b>Code</b>
                </td>
                <td>
                  <b>Système</b>
                </td>
                <td>
                  <b>Display (und)</b>
                </td>
              </tr>
              <tr>
                <td style="white-space:nowrap">
                  <a name="x-http://loinc.org-718-7"> </a>  
                  <a href="https://loinc.org/718-7/">718-7</a>
                </td>
                <td>http://loinc.org</td>
                <td>Hemoglobin [Mass/volume] in Blood</td>
              </tr>
              <tr>
                <td style="white-space:nowrap">
                  <a name="x-http://loinc.org-1988-5"> </a>  
                  <a href="https://loinc.org/1988-5/">1988-5</a>
                </td>
                <td>http://loinc.org</td>
                <td>C reactive protein [Mass/volume] in Serum or Plasma</td>
              </tr>
              <tr>
                <td style="white-space:nowrap">
                  <a name="x-http://loinc.org-26449-9"> </a>  
                  <a href="https://loinc.org/26449-9/">26449-9</a>
                </td>
                <td>http://loinc.org</td>
                <td>Eosinophils [#/volume] in Blood</td>
              </tr>
              <tr>
                <td style="white-space:nowrap">
                  <a name="x-http://loinc.org-38483-4"> </a>  
                  <a href="https://loinc.org/38483-4/">38483-4</a>
                </td>
                <td>http://loinc.org</td>
                <td>Creatinine [Mass/volume] in Blood</td>
              </tr>
              <tr>
                <td style="white-space:nowrap">
                  <a name="x-http://loinc.org-70969-1"> </a>  
                  <a href="https://loinc.org/70969-1/">70969-1</a>
                </td>
                <td>http://loinc.org</td>
                <td>Glomerular filtration rate [Volume Rate/Area] in Serum, Plasma or Blood by Creatinine-based formula (MDRD)/1.73 sq M among male population</td>
              </tr>
              <tr>
                <td style="white-space:nowrap">
                  <a name="x-http://loinc.org-50044-7"> </a>  
                  <a href="https://loinc.org/50044-7/">50044-7</a>
                </td>
                <td>http://loinc.org</td>
                <td>Glomerular filtration rate [Volume Rate/Area] in Serum, Plasma or Blood by Creatinine-based formula (MDRD)/1.73 sq M among female population</td>
              </tr>
            </table>
          </div>
        </text>
        <url value="http://si-s-serv1041.st.chulg/ig/VersUnSouffleNouveauIG/ValueSet/i2x-pneumo-bio"/>
        <version value="0.1.0"/>
        <name value="PNEUMO_BIO_VS"/>
        <title value="Jeu de biologies d'intérêt pour la télésurveillance des maladies respiratoires"/>
        <status value="draft"/>
        <date value="2025-05-28T10:00:58+02:00"/>
        <expansion>
          <identifier value="urn:uuid:75ae884b-52f1-47ac-99a6-8c84d24d8a88"/>
          <timestamp value="2025-05-28T10:06:13+02:00"/>
          <total value="6"/>
          <offset value="0"/>
          <parameter>
            <name value="displayLanguage"/>
            <valueCode value="und"/>
          </parameter>
          <parameter>
            <name value="count"/>
            <valueInteger value="1000"/>
          </parameter>
          <parameter>
            <name value="offset"/>
            <valueInteger value="0"/>
          </parameter>
          <parameter>
            <name value="excludeNested"/>
            <valueBoolean value="false"/>
          </parameter>
          <parameter>
            <name value="used-valueset"/>
            <valueUri value="null"/>
          </parameter>
          <parameter>
            <name value="displayLanguage"/>
            <valueCode value="en-US"/>
          </parameter>
          <parameter>
            <name value="used-codesystem"/>
            <valueUri value="http://loinc.org|2.80"/>
          </parameter>
          <parameter>
            <name value="version"/>
            <valueUri value="http://loinc.org|2.80"/>
          </parameter>
          <contains>
            <system value="http://loinc.org"/>
            <code value="718-7"/>
            <display value="Hemoglobin [Mass/volume] in Blood"/>
          </contains>
          <contains>
            <system value="http://loinc.org"/>
            <code value="1988-5"/>
            <display value="C reactive protein [Mass/volume] in Serum or Plasma"/>
          </contains>
          <contains>
            <system value="http://loinc.org"/>
            <code value="26449-9"/>
            <display value="Eosinophils [#/volume] in Blood"/>
          </contains>
          <contains>
            <system value="http://loinc.org"/>
            <code value="38483-4"/>
            <display value="Creatinine [Mass/volume] in Blood"/>
          </contains>
          <contains>
            <system value="http://loinc.org"/>
            <code value="70969-1"/>
            <display value="Glomerular filtration rate [Volume Rate/Area] in Serum, Plasma or Blood by Creatinine-based formula (MDRD)/1.73 sq M among male population"/>
          </contains>
          <contains>
            <system value="http://loinc.org"/>
            <code value="50044-7"/>
            <display value="Glomerular filtration rate [Volume Rate/Area] in Serum, Plasma or Blood by Creatinine-based formula (MDRD)/1.73 sq M among female population"/>
          </contains>
        </expansion>
      </ValueSet>
    </resource>
  </entry>
  <entry>
    <fullUrl value="http://si-s-serv1041.st.chulg/ig/VersUnSouffleNouveauIG/ValueSet/i2x-pneumo-diagnostic"/>
    <resource>
      <ValueSet>
        <text>
          <status value="generated"/>
          <div xmlns="http://www.w3.org/1999/xhtml">
            <p class="res-header-id">
              <b>ValueSet </b>
            </p>
            <p style="border: black 1px dotted; background-color: #EEEEEE; padding: 8px; margin-bottom: 8px">Expansion from tx.fhir.org based on SNOMED CT 900000000000207008 edition 01-févr. 2025</p>
            <p>Ce jeu de valeur (ValueSet) contient 5 concepts</p>
            <table class="codes">
              <tr>
                <td style="white-space:nowrap">
                  <b>Code</b>
                </td>
                <td>
                  <b>Système</b>
                </td>
                <td>
                  <b>Display (und)</b>
                </td>
              </tr>
              <tr>
                <td style="white-space:nowrap">
                  <a name="x-http://snomed.info/sct-195967001"> </a>  
                  <a href="http://snomed.info/id/195967001">195967001</a>
                </td>
                <td>http://snomed.info/sct</td>
                <td>Airway hyperreactivity</td>
              </tr>
              <tr>
                <td style="white-space:nowrap">
                  <a name="x-http://snomed.info/sct-63480004"> </a>  
                  <a href="http://snomed.info/id/63480004">63480004</a>
                </td>
                <td>http://snomed.info/sct</td>
                <td>Chronic bronchitis</td>
              </tr>
              <tr>
                <td style="white-space:nowrap">
                  <a name="x-http://snomed.info/sct-102361000119104"> </a>  
                  <a href="http://snomed.info/id/102361000119104">102361000119104</a>
                </td>
                <td>http://snomed.info/sct</td>
                <td>Chronic pneumonia</td>
              </tr>
              <tr>
                <td style="white-space:nowrap">
                  <a name="x-http://snomed.info/sct-2561000112106"> </a>  
                  <a href="http://snomed.info/id/2561000112106">2561000112106</a>
                </td>
                <td>http://snomed.info/sct</td>
                <td>Chronic refractory cough</td>
              </tr>
              <tr>
                <td style="white-space:nowrap">
                  <a name="x-http://snomed.info/sct-13645005"> </a>  
                  <a href="http://snomed.info/id/13645005">13645005</a>
                </td>
                <td>http://snomed.info/sct</td>
                <td>Chronic obstructive lung disease</td>
              </tr>
            </table>
          </div>
        </text>
        <url value="http://si-s-serv1041.st.chulg/ig/VersUnSouffleNouveauIG/ValueSet/i2x-pneumo-diagnostic"/>
        <version value="0.1.0"/>
        <name value="PNEUMO_DIAGNOSTIC_VS"/>
        <title value="Jeu de diagnostic principal maladie respiratoire"/>
        <status value="draft"/>
        <date value="2025-05-28T10:00:58+02:00"/>
        <expansion>
          <identifier value="urn:uuid:e98fc8b0-6607-435a-9e9f-0b0c79ab0f49"/>
          <timestamp value="2025-05-28T10:06:14+02:00"/>
          <total value="5"/>
          <offset value="0"/>
          <parameter>
            <name value="displayLanguage"/>
            <valueCode value="und"/>
          </parameter>
          <parameter>
            <name value="count"/>
            <valueInteger value="1000"/>
          </parameter>
          <parameter>
            <name value="offset"/>
            <valueInteger value="0"/>
          </parameter>
          <parameter>
            <name value="excludeNested"/>
            <valueBoolean value="false"/>
          </parameter>
          <parameter>
            <name value="used-valueset"/>
            <valueUri value="null"/>
          </parameter>
          <parameter>
            <name value="displayLanguage"/>
            <valueCode value="en-US"/>
          </parameter>
          <parameter>
            <name value="used-codesystem"/>
            <valueUri value="http://snomed.info/sct|http://snomed.info/sct/900000000000207008/version/20250201"/>
          </parameter>
          <parameter>
            <name value="version"/>
            <valueUri value="http://snomed.info/sct|http://snomed.info/sct/900000000000207008/version/20250201"/>
          </parameter>
          <contains>
            <system value="http://snomed.info/sct"/>
            <code value="195967001"/>
            <display value="Airway hyperreactivity"/>
          </contains>
          <contains>
            <system value="http://snomed.info/sct"/>
            <code value="63480004"/>
            <display value="Chronic bronchitis"/>
          </contains>
          <contains>
            <system value="http://snomed.info/sct"/>
            <code value="102361000119104"/>
            <display value="Chronic pneumonia"/>
          </contains>
          <contains>
            <system value="http://snomed.info/sct"/>
            <code value="2561000112106"/>
            <display value="Chronic refractory cough"/>
          </contains>
          <contains>
            <system value="http://snomed.info/sct"/>
            <code value="13645005"/>
            <display value="Chronic obstructive lung disease"/>
          </contains>
        </expansion>
      </ValueSet>
    </resource>
  </entry>
  <entry>
    <fullUrl value="http://si-s-serv1041.st.chulg/ig/VersUnSouffleNouveauIG/ValueSet/i2x-pneumo-vitaux"/>
    <resource>
      <ValueSet>
        <text>
          <status value="generated"/>
          <div xmlns="http://www.w3.org/1999/xhtml">
            <p class="res-header-id">
              <b>ValueSet </b>
            </p>
            <p style="border: black 1px dotted; background-color: #EEEEEE; padding: 8px; margin-bottom: 8px">Expansion from tx.fhir.org based on Loinc v2.80</p>
            <p>Ce jeu de valeur (ValueSet) contient 2 concepts</p>
            <table class="codes">
              <tr>
                <td style="white-space:nowrap">
                  <b>Code</b>
                </td>
                <td>
                  <b>Système</b>
                </td>
                <td>
                  <b>Display (und)</b>
                </td>
              </tr>
              <tr>
                <td style="white-space:nowrap">
                  <a name="x-http://loinc.org-29463-7"> </a>  
                  <a href="https://loinc.org/29463-7/">29463-7</a>
                </td>
                <td>http://loinc.org</td>
                <td>Body weight</td>
              </tr>
              <tr>
                <td style="white-space:nowrap">
                  <a name="x-http://loinc.org-8302-2"> </a>  
                  <a href="https://loinc.org/8302-2/">8302-2</a>
                </td>
                <td>http://loinc.org</td>
                <td>Body height</td>
              </tr>
            </table>
          </div>
        </text>
        <url value="http://si-s-serv1041.st.chulg/ig/VersUnSouffleNouveauIG/ValueSet/i2x-pneumo-vitaux"/>
        <version value="0.1.0"/>
        <name value="PNEUMO_VITAAUX_VS"/>
        <title value="Jeu de signes vitaux pneumologie"/>
        <status value="draft"/>
        <date value="2025-05-28T10:00:58+02:00"/>
        <expansion>
          <identifier value="urn:uuid:7b145887-0e28-4b23-9fac-0af3d1e1befe"/>
          <timestamp value="2025-05-28T10:06:14+02:00"/>
          <total value="2"/>
          <offset value="0"/>
          <parameter>
            <name value="displayLanguage"/>
            <valueCode value="und"/>
          </parameter>
          <parameter>
            <name value="count"/>
            <valueInteger value="1000"/>
          </parameter>
          <parameter>
            <name value="offset"/>
            <valueInteger value="0"/>
          </parameter>
          <parameter>
            <name value="excludeNested"/>
            <valueBoolean value="false"/>
          </parameter>
          <parameter>
            <name value="used-valueset"/>
            <valueUri value="null"/>
          </parameter>
          <parameter>
            <name value="displayLanguage"/>
            <valueCode value="en-US"/>
          </parameter>
          <parameter>
            <name value="used-codesystem"/>
            <valueUri value="http://loinc.org|2.80"/>
          </parameter>
          <parameter>
            <name value="version"/>
            <valueUri value="http://loinc.org|2.80"/>
          </parameter>
          <contains>
            <system value="http://loinc.org"/>
            <code value="29463-7"/>
            <display value="Body weight"/>
          </contains>
          <contains>
            <system value="http://loinc.org"/>
            <code value="8302-2"/>
            <display value="Body height"/>
          </contains>
        </expansion>
      </ValueSet>
    </resource>
  </entry>
  <entry>
    <fullUrl value="http://si-s-serv1041.st.chulg/ig/VersUnSouffleNouveauIG/ValueSet/i2x-tabac-status"/>
    <resource>
      <ValueSet>
        <text>
          <status value="generated"/>
          <div xmlns="http://www.w3.org/1999/xhtml">
            <p class="res-header-id">
              <b>ValueSet </b>
            </p>
            <p style="border: black 1px dotted; background-color: #EEEEEE; padding: 8px; margin-bottom: 8px">Expansion from tx.fhir.org based on Loinc v2.80</p>
            <p>Ce jeu de valeur (ValueSet) contient 4 concepts</p>
            <table class="codes">
              <tr>
                <td style="white-space:nowrap">
                  <b>Code</b>
                </td>
                <td>
                  <b>Système</b>
                </td>
                <td>
                  <b>Display (und)</b>
                </td>
              </tr>
              <tr>
                <td style="white-space:nowrap">
                  <a name="x-http://loinc.org-LA18976-3"> </a>  
                  <a href="https://loinc.org/LA18976-3/">LA18976-3</a>
                </td>
                <td>http://loinc.org</td>
                <td>Current every day smoker</td>
              </tr>
              <tr>
                <td style="white-space:nowrap">
                  <a name="x-http://loinc.org-LA15920-4"> </a>  
                  <a href="https://loinc.org/LA15920-4/">LA15920-4</a>
                </td>
                <td>http://loinc.org</td>
                <td>Former smoker</td>
              </tr>
              <tr>
                <td style="white-space:nowrap">
                  <a name="x-http://loinc.org-LA18978-9"> </a>  
                  <a href="https://loinc.org/LA18978-9/">LA18978-9</a>
                </td>
                <td>http://loinc.org</td>
                <td>Never smoker</td>
              </tr>
              <tr>
                <td style="white-space:nowrap">
                  <a name="x-http://loinc.org-LA18979-7"> </a>  
                  <a href="https://loinc.org/LA18979-7/">LA18979-7</a>
                </td>
                <td>http://loinc.org</td>
                <td>Smoker, current status unknown</td>
              </tr>
            </table>
          </div>
        </text>
        <url value="http://si-s-serv1041.st.chulg/ig/VersUnSouffleNouveauIG/ValueSet/i2x-tabac-status"/>
        <version value="0.1.0"/>
        <name value="TABAC_STATUS_VS"/>
        <title value="Jeu de concept pour le statut de tabagisme"/>
        <status value="draft"/>
        <date value="2025-05-28T10:00:58+02:00"/>
        <expansion>
          <identifier value="urn:uuid:d7de6467-9447-476e-a597-40a6ce5b57f0"/>
          <timestamp value="2025-05-28T10:06:14+02:00"/>
          <total value="4"/>
          <offset value="0"/>
          <parameter>
            <name value="displayLanguage"/>
            <valueCode value="und"/>
          </parameter>
          <parameter>
            <name value="count"/>
            <valueInteger value="1000"/>
          </parameter>
          <parameter>
            <name value="offset"/>
            <valueInteger value="0"/>
          </parameter>
          <parameter>
            <name value="excludeNested"/>
            <valueBoolean value="false"/>
          </parameter>
          <parameter>
            <name value="used-valueset"/>
            <valueUri value="null"/>
          </parameter>
          <parameter>
            <name value="displayLanguage"/>
            <valueCode value="en-US"/>
          </parameter>
          <parameter>
            <name value="used-codesystem"/>
            <valueUri value="http://loinc.org|2.80"/>
          </parameter>
          <parameter>
            <name value="version"/>
            <valueUri value="http://loinc.org|2.80"/>
          </parameter>
          <contains>
            <system value="http://loinc.org"/>
            <code value="LA18976-3"/>
            <display value="Current every day smoker"/>
          </contains>
          <contains>
            <system value="http://loinc.org"/>
            <code value="LA15920-4"/>
            <display value="Former smoker"/>
          </contains>
          <contains>
            <system value="http://loinc.org"/>
            <code value="LA18978-9"/>
            <display value="Never smoker"/>
          </contains>
          <contains>
            <system value="http://loinc.org"/>
            <code value="LA18979-7"/>
            <display value="Smoker, current status unknown"/>
          </contains>
        </expansion>
      </ValueSet>
    </resource>
  </entry>
  <entry>
    <fullUrl value="http://si-s-serv1041.st.chulg/ig/VersUnSouffleNouveauIG/ValueSet/i2x-tabac"/>
    <resource>
      <ValueSet>
        <text>
          <status value="generated"/>
          <div xmlns="http://www.w3.org/1999/xhtml">
            <p class="res-header-id">
              <b>ValueSet </b>
            </p>
            <p style="border: black 1px dotted; background-color: #EEEEEE; padding: 8px; margin-bottom: 8px">Expansion from tx.fhir.org based on Loinc v2.80</p>
            <p>Ce jeu de valeur (ValueSet) contient 3 concepts</p>
            <table class="codes">
              <tr>
                <td style="white-space:nowrap">
                  <b>Code</b>
                </td>
                <td>
                  <b>Système</b>
                </td>
                <td>
                  <b>Display (und)</b>
                </td>
              </tr>
              <tr>
                <td style="white-space:nowrap">
                  <a name="x-http://loinc.org-72166-2"> </a>  
                  <a href="https://loinc.org/72166-2/">72166-2</a>
                </td>
                <td>http://loinc.org</td>
                <td>Tobacco smoking status</td>
              </tr>
              <tr>
                <td style="white-space:nowrap">
                  <a name="x-http://loinc.org-74011-8"> </a>  
                  <a href="https://loinc.org/74011-8/">74011-8</a>
                </td>
                <td>http://loinc.org</td>
                <td>Lifetime tobacco use</td>
              </tr>
              <tr>
                <td style="white-space:nowrap">
                  <a name="x-http://loinc.org-88029-4"> </a>  
                  <a href="https://loinc.org/88029-4/">88029-4</a>
                </td>
                <td>http://loinc.org</td>
                <td>Tobacco use duration</td>
              </tr>
            </table>
          </div>
        </text>
        <url value="http://si-s-serv1041.st.chulg/ig/VersUnSouffleNouveauIG/ValueSet/i2x-tabac"/>
        <version value="0.1.0"/>
        <name value="TABAC_VS"/>
        <title value="Jeu de concept de tabacologie"/>
        <status value="draft"/>
        <date value="2025-05-28T10:00:58+02:00"/>
        <expansion>
          <identifier value="urn:uuid:6cb9885f-3278-4407-80ca-68479a0af2e5"/>
          <timestamp value="2025-05-28T10:06:14+02:00"/>
          <total value="3"/>
          <offset value="0"/>
          <parameter>
            <name value="displayLanguage"/>
            <valueCode value="und"/>
          </parameter>
          <parameter>
            <name value="count"/>
            <valueInteger value="1000"/>
          </parameter>
          <parameter>
            <name value="offset"/>
            <valueInteger value="0"/>
          </parameter>
          <parameter>
            <name value="excludeNested"/>
            <valueBoolean value="false"/>
          </parameter>
          <parameter>
            <name value="used-valueset"/>
            <valueUri value="null"/>
          </parameter>
          <parameter>
            <name value="displayLanguage"/>
            <valueCode value="en-US"/>
          </parameter>
          <parameter>
            <name value="used-codesystem"/>
            <valueUri value="http://loinc.org|2.80"/>
          </parameter>
          <parameter>
            <name value="version"/>
            <valueUri value="http://loinc.org|2.80"/>
          </parameter>
          <contains>
            <system value="http://loinc.org"/>
            <code value="72166-2"/>
            <display value="Tobacco smoking status"/>
          </contains>
          <contains>
            <system value="http://loinc.org"/>
            <code value="74011-8"/>
            <display value="Lifetime tobacco use"/>
          </contains>
          <contains>
            <system value="http://loinc.org"/>
            <code value="88029-4"/>
            <display value="Tobacco use duration"/>
          </contains>
        </expansion>
      </ValueSet>
    </resource>
  </entry>
</Bundle>