{
  "resourceType" : "Bundle",
  "id" : "bb085566-f2e3-4c31-b2ea-1fffa0f5bf43",
  "meta" : {
    "lastUpdated" : "2025-06-02T10:45:11.449+02:00"
  },
  "type" : "collection",
  "entry" : [{
    "fullUrl" : "http://si-s-serv1041.st.chulg/ig/VersUnSouffleNouveauIG/ValueSet/i2x-efr",
    "resource" : {
      "resourceType" : "ValueSet",
      "text" : {
        "status" : "generated",
        "div" : "<div xmlns=\"http://www.w3.org/1999/xhtml\"><p class=\"res-header-id\"><b>ValueSet </b></p><p style=\"border: black 1px dotted; background-color: #EEEEEE; padding: 8px; margin-bottom: 8px\">Expansion from tx.fhir.org based on Loinc v2.80</p><p>Ce jeu de valeur (ValueSet) contient 11 concepts</p><table class=\"codes\"><tr><td style=\"white-space:nowrap\"><b>Code</b></td><td><b>Système</b></td><td><b>Display (und)</b></td></tr><tr><td style=\"white-space:nowrap\"><a name=\"x-http://loinc.org-19876-2\"> </a>\u00a0\u00a0<a href=\"https://loinc.org/19876-2/\">19876-2</a></td><td>http://loinc.org</td><td>Forced vital capacity [Volume] Respiratory system by Spirometry --pre bronchodilation</td></tr><tr><td style=\"white-space:nowrap\"><a name=\"x-http://loinc.org-20157-4\"> </a>\u00a0\u00a0<a href=\"https://loinc.org/20157-4/\">20157-4</a></td><td>http://loinc.org</td><td>FEV1 --pre bronchodilation</td></tr><tr><td style=\"white-space:nowrap\"><a name=\"x-http://loinc.org-81450-9\"> </a>\u00a0\u00a0<a href=\"https://loinc.org/81450-9/\">81450-9</a></td><td>http://loinc.org</td><td>Total lung capacity --pre bronchodilation</td></tr><tr><td style=\"white-space:nowrap\"><a name=\"x-http://loinc.org-19926-5\"> </a>\u00a0\u00a0<a href=\"https://loinc.org/19926-5/\">19926-5</a></td><td>http://loinc.org</td><td>FEV1/FVC</td></tr><tr><td style=\"white-space:nowrap\"><a name=\"x-http://loinc.org-19871-3\"> </a>\u00a0\u00a0<a href=\"https://loinc.org/19871-3/\">19871-3</a></td><td>http://loinc.org</td><td>FVC pre bronchodilation measured/predicted</td></tr><tr><td style=\"white-space:nowrap\"><a name=\"x-http://loinc.org-20152-5\"> </a>\u00a0\u00a0<a href=\"https://loinc.org/20152-5/\">20152-5</a></td><td>http://loinc.org</td><td>FEV1 measured/predicted</td></tr><tr><td style=\"white-space:nowrap\"><a name=\"x-http://loinc.org-89085-5\"> </a>\u00a0\u00a0<a href=\"https://loinc.org/89085-5/\">89085-5</a></td><td>http://loinc.org</td><td>Total lung capacity measured/predicted by Plethysmograph body box</td></tr><tr><td style=\"white-space:nowrap\"><a name=\"x-http://loinc.org-81454-1\"> </a>\u00a0\u00a0<a href=\"https://loinc.org/81454-1/\">81454-1</a></td><td>http://loinc.org</td><td>Residual volume/Total capacity --pre bronchodilation</td></tr><tr><td style=\"white-space:nowrap\"><a name=\"x-http://loinc.org-43252-6\"> </a>\u00a0\u00a0<a href=\"https://loinc.org/43252-6/\">43252-6</a></td><td>http://loinc.org</td><td>Residual volume/Total capacity Predicted</td></tr><tr><td style=\"white-space:nowrap\"><a name=\"x-http://loinc.org-98130-8\"> </a>\u00a0\u00a0<a href=\"https://loinc.org/98130-8/\">98130-8</a></td><td>http://loinc.org</td><td>Diffusion capacity.carbon monoxide/Predicted</td></tr><tr><td style=\"white-space:nowrap\"><a name=\"x-http://loinc.org-98203-3\"> </a>\u00a0\u00a0<a href=\"https://loinc.org/98203-3/\">98203-3</a></td><td>http://loinc.org</td><td>(Diffusion capacity/Alveolar volume)/predicted</td></tr></table></div>"
      },
      "url" : "http://si-s-serv1041.st.chulg/ig/VersUnSouffleNouveauIG/ValueSet/i2x-efr",
      "version" : "0.1.1",
      "name" : "EFR_VS",
      "title" : "Jeu d'observations d'une épreuve fonctionnelle respiratoire",
      "status" : "draft",
      "date" : "2025-04-14",
      "expansion" : {
        "identifier" : "urn:uuid:92321e92-aa75-4279-aa66-158f40f9edf4",
        "timestamp" : "2025-06-02T10:49:13+02:00",
        "total" : 11,
        "offset" : 0,
        "parameter" : [{
          "name" : "displayLanguage",
          "valueCode" : "und"
        },
        {
          "name" : "count",
          "valueInteger" : 1000
        },
        {
          "name" : "offset",
          "valueInteger" : 0
        },
        {
          "name" : "excludeNested",
          "valueBoolean" : false
        },
        {
          "name" : "used-valueset",
          "valueUri" : "null"
        },
        {
          "name" : "used-codesystem",
          "valueUri" : "http://loinc.org|2.80"
        },
        {
          "name" : "version",
          "valueUri" : "http://loinc.org|2.80"
        }],
        "contains" : [{
          "system" : "http://loinc.org",
          "code" : "19876-2",
          "display" : "Forced vital capacity [Volume] Respiratory system by Spirometry --pre bronchodilation"
        },
        {
          "system" : "http://loinc.org",
          "code" : "20157-4",
          "display" : "FEV1 --pre bronchodilation"
        },
        {
          "system" : "http://loinc.org",
          "code" : "81450-9",
          "display" : "Total lung capacity --pre bronchodilation"
        },
        {
          "system" : "http://loinc.org",
          "code" : "19926-5",
          "display" : "FEV1/FVC"
        },
        {
          "system" : "http://loinc.org",
          "code" : "19871-3",
          "display" : "FVC pre bronchodilation measured/predicted"
        },
        {
          "system" : "http://loinc.org",
          "code" : "20152-5",
          "display" : "FEV1 measured/predicted"
        },
        {
          "system" : "http://loinc.org",
          "code" : "89085-5",
          "display" : "Total lung capacity measured/predicted by Plethysmograph body box"
        },
        {
          "system" : "http://loinc.org",
          "code" : "81454-1",
          "display" : "Residual volume/Total capacity --pre bronchodilation"
        },
        {
          "system" : "http://loinc.org",
          "code" : "43252-6",
          "display" : "Residual volume/Total capacity Predicted"
        },
        {
          "system" : "http://loinc.org",
          "code" : "98130-8",
          "display" : "Diffusion capacity.carbon monoxide/Predicted"
        },
        {
          "system" : "http://loinc.org",
          "code" : "98203-3",
          "display" : "(Diffusion capacity/Alveolar volume)/predicted"
        }]
      }
    }
  },
  {
    "fullUrl" : "http://si-s-serv1041.st.chulg/ig/VersUnSouffleNouveauIG/ValueSet/i2x-pneumo-bio",
    "resource" : {
      "resourceType" : "ValueSet",
      "text" : {
        "status" : "generated",
        "div" : "<div xmlns=\"http://www.w3.org/1999/xhtml\"><p class=\"res-header-id\"><b>ValueSet </b></p><p style=\"border: black 1px dotted; background-color: #EEEEEE; padding: 8px; margin-bottom: 8px\">Expansion from tx.fhir.org based on Loinc v2.80</p><p>Ce jeu de valeur (ValueSet) contient 6 concepts</p><table class=\"codes\"><tr><td style=\"white-space:nowrap\"><b>Code</b></td><td><b>Système</b></td><td><b>Display (und)</b></td></tr><tr><td style=\"white-space:nowrap\"><a name=\"x-http://loinc.org-718-7\"> </a>\u00a0\u00a0<a href=\"https://loinc.org/718-7/\">718-7</a></td><td>http://loinc.org</td><td>Hemoglobin [Mass/volume] in Blood</td></tr><tr><td style=\"white-space:nowrap\"><a name=\"x-http://loinc.org-1988-5\"> </a>\u00a0\u00a0<a href=\"https://loinc.org/1988-5/\">1988-5</a></td><td>http://loinc.org</td><td>C reactive protein [Mass/volume] in Serum or Plasma</td></tr><tr><td style=\"white-space:nowrap\"><a name=\"x-http://loinc.org-26449-9\"> </a>\u00a0\u00a0<a href=\"https://loinc.org/26449-9/\">26449-9</a></td><td>http://loinc.org</td><td>Eosinophils [#/volume] in Blood</td></tr><tr><td style=\"white-space:nowrap\"><a name=\"x-http://loinc.org-38483-4\"> </a>\u00a0\u00a0<a href=\"https://loinc.org/38483-4/\">38483-4</a></td><td>http://loinc.org</td><td>Creatinine [Mass/volume] in Blood</td></tr><tr><td style=\"white-space:nowrap\"><a name=\"x-http://loinc.org-70969-1\"> </a>\u00a0\u00a0<a href=\"https://loinc.org/70969-1/\">70969-1</a></td><td>http://loinc.org</td><td>Glomerular filtration rate [Volume Rate/Area] in Serum, Plasma or Blood by Creatinine-based formula (MDRD)/1.73 sq M among male population</td></tr><tr><td style=\"white-space:nowrap\"><a name=\"x-http://loinc.org-50044-7\"> </a>\u00a0\u00a0<a href=\"https://loinc.org/50044-7/\">50044-7</a></td><td>http://loinc.org</td><td>Glomerular filtration rate [Volume Rate/Area] in Serum, Plasma or Blood by Creatinine-based formula (MDRD)/1.73 sq M among female population</td></tr></table></div>"
      },
      "url" : "http://si-s-serv1041.st.chulg/ig/VersUnSouffleNouveauIG/ValueSet/i2x-pneumo-bio",
      "version" : "0.1.1",
      "name" : "PNEUMO_BIO_VS",
      "title" : "Jeu de biologies d'intérêt pour la télésurveillance des maladies respiratoires",
      "status" : "draft",
      "date" : "2025-04-14",
      "expansion" : {
        "identifier" : "urn:uuid:5ce71362-a349-4102-a997-850b31493f7c",
        "timestamp" : "2025-06-02T10:49:14+02:00",
        "total" : 6,
        "offset" : 0,
        "parameter" : [{
          "name" : "displayLanguage",
          "valueCode" : "und"
        },
        {
          "name" : "count",
          "valueInteger" : 1000
        },
        {
          "name" : "offset",
          "valueInteger" : 0
        },
        {
          "name" : "excludeNested",
          "valueBoolean" : false
        },
        {
          "name" : "used-valueset",
          "valueUri" : "null"
        },
        {
          "name" : "displayLanguage",
          "valueCode" : "en-US"
        },
        {
          "name" : "used-codesystem",
          "valueUri" : "http://loinc.org|2.80"
        },
        {
          "name" : "version",
          "valueUri" : "http://loinc.org|2.80"
        }],
        "contains" : [{
          "system" : "http://loinc.org",
          "code" : "718-7",
          "display" : "Hemoglobin [Mass/volume] in Blood"
        },
        {
          "system" : "http://loinc.org",
          "code" : "1988-5",
          "display" : "C reactive protein [Mass/volume] in Serum or Plasma"
        },
        {
          "system" : "http://loinc.org",
          "code" : "26449-9",
          "display" : "Eosinophils [#/volume] in Blood"
        },
        {
          "system" : "http://loinc.org",
          "code" : "38483-4",
          "display" : "Creatinine [Mass/volume] in Blood"
        },
        {
          "system" : "http://loinc.org",
          "code" : "70969-1",
          "display" : "Glomerular filtration rate [Volume Rate/Area] in Serum, Plasma or Blood by Creatinine-based formula (MDRD)/1.73 sq M among male population"
        },
        {
          "system" : "http://loinc.org",
          "code" : "50044-7",
          "display" : "Glomerular filtration rate [Volume Rate/Area] in Serum, Plasma or Blood by Creatinine-based formula (MDRD)/1.73 sq M among female population"
        }]
      }
    }
  },
  {
    "fullUrl" : "http://si-s-serv1041.st.chulg/ig/VersUnSouffleNouveauIG/ValueSet/i2x-pneumo-diagnostic",
    "resource" : {
      "resourceType" : "ValueSet",
      "text" : {
        "status" : "generated",
        "div" : "<div xmlns=\"http://www.w3.org/1999/xhtml\"><p class=\"res-header-id\"><b>ValueSet </b></p><p style=\"border: black 1px dotted; background-color: #EEEEEE; padding: 8px; margin-bottom: 8px\">Expansion from tx.fhir.org based on SNOMED CT 900000000000207008 edition 01-févr. 2025</p><p>Ce jeu de valeur (ValueSet) contient 5 concepts</p><table class=\"codes\"><tr><td style=\"white-space:nowrap\"><b>Code</b></td><td><b>Système</b></td><td><b>Display (und)</b></td></tr><tr><td style=\"white-space:nowrap\"><a name=\"x-http://snomed.info/sct-195967001\"> </a>\u00a0\u00a0<a href=\"http://snomed.info/id/195967001\">195967001</a></td><td>http://snomed.info/sct</td><td>Airway hyperreactivity</td></tr><tr><td style=\"white-space:nowrap\"><a name=\"x-http://snomed.info/sct-63480004\"> </a>\u00a0\u00a0<a href=\"http://snomed.info/id/63480004\">63480004</a></td><td>http://snomed.info/sct</td><td>Chronic bronchitis</td></tr><tr><td style=\"white-space:nowrap\"><a name=\"x-http://snomed.info/sct-102361000119104\"> </a>\u00a0\u00a0<a href=\"http://snomed.info/id/102361000119104\">102361000119104</a></td><td>http://snomed.info/sct</td><td>Chronic pneumonia</td></tr><tr><td style=\"white-space:nowrap\"><a name=\"x-http://snomed.info/sct-2561000112106\"> </a>\u00a0\u00a0<a href=\"http://snomed.info/id/2561000112106\">2561000112106</a></td><td>http://snomed.info/sct</td><td>Chronic refractory cough</td></tr><tr><td style=\"white-space:nowrap\"><a name=\"x-http://snomed.info/sct-13645005\"> </a>\u00a0\u00a0<a href=\"http://snomed.info/id/13645005\">13645005</a></td><td>http://snomed.info/sct</td><td>Chronic obstructive lung disease</td></tr></table></div>"
      },
      "url" : "http://si-s-serv1041.st.chulg/ig/VersUnSouffleNouveauIG/ValueSet/i2x-pneumo-diagnostic",
      "version" : "0.1.1",
      "name" : "PNEUMO_DIAGNOSTIC_VS",
      "title" : "Jeu de diagnostic principal maladie respiratoire",
      "status" : "draft",
      "date" : "2025-04-14",
      "expansion" : {
        "identifier" : "urn:uuid:aff888fc-478f-4e4e-bdc1-c18525d27445",
        "timestamp" : "2025-06-02T10:49:14+02:00",
        "total" : 5,
        "offset" : 0,
        "parameter" : [{
          "name" : "displayLanguage",
          "valueCode" : "und"
        },
        {
          "name" : "count",
          "valueInteger" : 1000
        },
        {
          "name" : "offset",
          "valueInteger" : 0
        },
        {
          "name" : "excludeNested",
          "valueBoolean" : false
        },
        {
          "name" : "used-valueset",
          "valueUri" : "null"
        },
        {
          "name" : "displayLanguage",
          "valueCode" : "en-US"
        },
        {
          "name" : "used-codesystem",
          "valueUri" : "http://snomed.info/sct|http://snomed.info/sct/900000000000207008/version/20250201"
        },
        {
          "name" : "version",
          "valueUri" : "http://snomed.info/sct|http://snomed.info/sct/900000000000207008/version/20250201"
        }],
        "contains" : [{
          "system" : "http://snomed.info/sct",
          "code" : "195967001",
          "display" : "Airway hyperreactivity"
        },
        {
          "system" : "http://snomed.info/sct",
          "code" : "63480004",
          "display" : "Chronic bronchitis"
        },
        {
          "system" : "http://snomed.info/sct",
          "code" : "102361000119104",
          "display" : "Chronic pneumonia"
        },
        {
          "system" : "http://snomed.info/sct",
          "code" : "2561000112106",
          "display" : "Chronic refractory cough"
        },
        {
          "system" : "http://snomed.info/sct",
          "code" : "13645005",
          "display" : "Chronic obstructive lung disease"
        }]
      }
    }
  },
  {
    "fullUrl" : "http://si-s-serv1041.st.chulg/ig/VersUnSouffleNouveauIG/ValueSet/i2x-pneumo-vitaux",
    "resource" : {
      "resourceType" : "ValueSet",
      "text" : {
        "status" : "generated",
        "div" : "<div xmlns=\"http://www.w3.org/1999/xhtml\"><p class=\"res-header-id\"><b>ValueSet </b></p><p style=\"border: black 1px dotted; background-color: #EEEEEE; padding: 8px; margin-bottom: 8px\">Expansion from tx.fhir.org based on Loinc v2.80</p><p>Ce jeu de valeur (ValueSet) contient 2 concepts</p><table class=\"codes\"><tr><td style=\"white-space:nowrap\"><b>Code</b></td><td><b>Système</b></td><td><b>Display (und)</b></td></tr><tr><td style=\"white-space:nowrap\"><a name=\"x-http://loinc.org-29463-7\"> </a>\u00a0\u00a0<a href=\"https://loinc.org/29463-7/\">29463-7</a></td><td>http://loinc.org</td><td>Body weight</td></tr><tr><td style=\"white-space:nowrap\"><a name=\"x-http://loinc.org-8302-2\"> </a>\u00a0\u00a0<a href=\"https://loinc.org/8302-2/\">8302-2</a></td><td>http://loinc.org</td><td>Body height</td></tr></table></div>"
      },
      "url" : "http://si-s-serv1041.st.chulg/ig/VersUnSouffleNouveauIG/ValueSet/i2x-pneumo-vitaux",
      "version" : "0.1.1",
      "name" : "PNEUMO_VITAAUX_VS",
      "title" : "Jeu de signes vitaux pneumologie",
      "status" : "draft",
      "date" : "2025-04-14",
      "expansion" : {
        "identifier" : "urn:uuid:61312b51-2e9e-43fb-b5a4-2e8e2fc96b03",
        "timestamp" : "2025-06-02T10:49:14+02:00",
        "total" : 2,
        "offset" : 0,
        "parameter" : [{
          "name" : "displayLanguage",
          "valueCode" : "und"
        },
        {
          "name" : "count",
          "valueInteger" : 1000
        },
        {
          "name" : "offset",
          "valueInteger" : 0
        },
        {
          "name" : "excludeNested",
          "valueBoolean" : false
        },
        {
          "name" : "used-valueset",
          "valueUri" : "null"
        },
        {
          "name" : "displayLanguage",
          "valueCode" : "en-US"
        },
        {
          "name" : "used-codesystem",
          "valueUri" : "http://loinc.org|2.80"
        },
        {
          "name" : "version",
          "valueUri" : "http://loinc.org|2.80"
        }],
        "contains" : [{
          "system" : "http://loinc.org",
          "code" : "29463-7",
          "display" : "Body weight"
        },
        {
          "system" : "http://loinc.org",
          "code" : "8302-2",
          "display" : "Body height"
        }]
      }
    }
  },
  {
    "fullUrl" : "http://si-s-serv1041.st.chulg/ig/VersUnSouffleNouveauIG/ValueSet/i2x-tabac-status",
    "resource" : {
      "resourceType" : "ValueSet",
      "text" : {
        "status" : "generated",
        "div" : "<div xmlns=\"http://www.w3.org/1999/xhtml\"><p class=\"res-header-id\"><b>ValueSet </b></p><p style=\"border: black 1px dotted; background-color: #EEEEEE; padding: 8px; margin-bottom: 8px\">Expansion from tx.fhir.org based on Loinc v2.80</p><p>Ce jeu de valeur (ValueSet) contient 4 concepts</p><table class=\"codes\"><tr><td style=\"white-space:nowrap\"><b>Code</b></td><td><b>Système</b></td><td><b>Display (und)</b></td></tr><tr><td style=\"white-space:nowrap\"><a name=\"x-http://loinc.org-LA18976-3\"> </a>\u00a0\u00a0<a href=\"https://loinc.org/LA18976-3/\">LA18976-3</a></td><td>http://loinc.org</td><td>Current every day smoker</td></tr><tr><td style=\"white-space:nowrap\"><a name=\"x-http://loinc.org-LA15920-4\"> </a>\u00a0\u00a0<a href=\"https://loinc.org/LA15920-4/\">LA15920-4</a></td><td>http://loinc.org</td><td>Former smoker</td></tr><tr><td style=\"white-space:nowrap\"><a name=\"x-http://loinc.org-LA18978-9\"> </a>\u00a0\u00a0<a href=\"https://loinc.org/LA18978-9/\">LA18978-9</a></td><td>http://loinc.org</td><td>Never smoker</td></tr><tr><td style=\"white-space:nowrap\"><a name=\"x-http://loinc.org-LA18979-7\"> </a>\u00a0\u00a0<a href=\"https://loinc.org/LA18979-7/\">LA18979-7</a></td><td>http://loinc.org</td><td>Smoker, current status unknown</td></tr></table></div>"
      },
      "url" : "http://si-s-serv1041.st.chulg/ig/VersUnSouffleNouveauIG/ValueSet/i2x-tabac-status",
      "version" : "0.1.1",
      "name" : "TABAC_STATUS_VS",
      "title" : "Jeu de concept pour le statut de tabagisme",
      "status" : "draft",
      "date" : "2025-04-14",
      "expansion" : {
        "identifier" : "urn:uuid:b20b4db5-6f6a-4f79-9f68-c179ee2c2547",
        "timestamp" : "2025-06-02T10:49:15+02:00",
        "total" : 4,
        "offset" : 0,
        "parameter" : [{
          "name" : "displayLanguage",
          "valueCode" : "und"
        },
        {
          "name" : "count",
          "valueInteger" : 1000
        },
        {
          "name" : "offset",
          "valueInteger" : 0
        },
        {
          "name" : "excludeNested",
          "valueBoolean" : false
        },
        {
          "name" : "used-valueset",
          "valueUri" : "null"
        },
        {
          "name" : "displayLanguage",
          "valueCode" : "en-US"
        },
        {
          "name" : "used-codesystem",
          "valueUri" : "http://loinc.org|2.80"
        },
        {
          "name" : "version",
          "valueUri" : "http://loinc.org|2.80"
        }],
        "contains" : [{
          "system" : "http://loinc.org",
          "code" : "LA18976-3",
          "display" : "Current every day smoker"
        },
        {
          "system" : "http://loinc.org",
          "code" : "LA15920-4",
          "display" : "Former smoker"
        },
        {
          "system" : "http://loinc.org",
          "code" : "LA18978-9",
          "display" : "Never smoker"
        },
        {
          "system" : "http://loinc.org",
          "code" : "LA18979-7",
          "display" : "Smoker, current status unknown"
        }]
      }
    }
  },
  {
    "fullUrl" : "http://si-s-serv1041.st.chulg/ig/VersUnSouffleNouveauIG/ValueSet/i2x-tabac",
    "resource" : {
      "resourceType" : "ValueSet",
      "text" : {
        "status" : "generated",
        "div" : "<div xmlns=\"http://www.w3.org/1999/xhtml\"><p class=\"res-header-id\"><b>ValueSet </b></p><p style=\"border: black 1px dotted; background-color: #EEEEEE; padding: 8px; margin-bottom: 8px\">Expansion from tx.fhir.org based on Loinc v2.80</p><p>Ce jeu de valeur (ValueSet) contient 3 concepts</p><table class=\"codes\"><tr><td style=\"white-space:nowrap\"><b>Code</b></td><td><b>Système</b></td><td><b>Display (und)</b></td></tr><tr><td style=\"white-space:nowrap\"><a name=\"x-http://loinc.org-72166-2\"> </a>\u00a0\u00a0<a href=\"https://loinc.org/72166-2/\">72166-2</a></td><td>http://loinc.org</td><td>Tobacco smoking status</td></tr><tr><td style=\"white-space:nowrap\"><a name=\"x-http://loinc.org-74011-8\"> </a>\u00a0\u00a0<a href=\"https://loinc.org/74011-8/\">74011-8</a></td><td>http://loinc.org</td><td>Lifetime tobacco use</td></tr><tr><td style=\"white-space:nowrap\"><a name=\"x-http://loinc.org-88029-4\"> </a>\u00a0\u00a0<a href=\"https://loinc.org/88029-4/\">88029-4</a></td><td>http://loinc.org</td><td>Tobacco use duration</td></tr></table></div>"
      },
      "url" : "http://si-s-serv1041.st.chulg/ig/VersUnSouffleNouveauIG/ValueSet/i2x-tabac",
      "version" : "0.1.1",
      "name" : "TABAC_VS",
      "title" : "Jeu de concept de tabacologie",
      "status" : "draft",
      "date" : "2025-04-14",
      "expansion" : {
        "identifier" : "urn:uuid:8a78f726-bdbe-4fe6-82e3-b976b5feda1c",
        "timestamp" : "2025-06-02T10:49:15+02:00",
        "total" : 3,
        "offset" : 0,
        "parameter" : [{
          "name" : "displayLanguage",
          "valueCode" : "und"
        },
        {
          "name" : "count",
          "valueInteger" : 1000
        },
        {
          "name" : "offset",
          "valueInteger" : 0
        },
        {
          "name" : "excludeNested",
          "valueBoolean" : false
        },
        {
          "name" : "used-valueset",
          "valueUri" : "null"
        },
        {
          "name" : "displayLanguage",
          "valueCode" : "en-US"
        },
        {
          "name" : "used-codesystem",
          "valueUri" : "http://loinc.org|2.80"
        },
        {
          "name" : "version",
          "valueUri" : "http://loinc.org|2.80"
        }],
        "contains" : [{
          "system" : "http://loinc.org",
          "code" : "72166-2",
          "display" : "Tobacco smoking status"
        },
        {
          "system" : "http://loinc.org",
          "code" : "74011-8",
          "display" : "Lifetime tobacco use"
        },
        {
          "system" : "http://loinc.org",
          "code" : "88029-4",
          "display" : "Tobacco use duration"
        }]
      }
    }
  }]
}