<?xml version="1.0" encoding="UTF-8"?>

<Observation xmlns="http://hl7.org/fhir">
  <id value="VunsEfrObservationExample"/>
  <meta>
    <profile value="http://si-s-serv1041.st.chulg/ig/VersUnSouffleNouveauIG/StructureDefinition/VunsEfrObservation"/>
  </meta>
  <text>
    <status value="generated"/><div xmlns="http://www.w3.org/1999/xhtml"><p class="res-header-id"><b>Generated Narrative: Observation VunsEfrObservationExample</b></p><a name="VunsEfrObservationExample"> </a><a name="hcVunsEfrObservationExample"> </a><a name="VunsEfrObservationExample-und"> </a><div style="display: inline-block; background-color: #d9e0e7; padding: 6px; margin: 4px; border: 1px solid #8da1b4; border-radius: 5px; line-height: 60%"><p style="margin-bottom: 0px"/><p style="margin-bottom: 0px">Profil: <a href="StructureDefinition-VunsEfrObservation.html">VunsEfrObservation</a></p></div><p><b>partOf</b>: <a href="Procedure-VunsEfrExample.html">Procedure Measurement of respiratory function</a></p><p><b>status</b>: Final</p><p><b>code</b>: <span title="Codes:{http://snomed.info/sct 313222007}">Volume expiratoire maximal par seconde divisé par la capacité vitale forcée</span></p><p><b>subject</b>: <a href="Patient-VunsPatientExample.html">Patrick Duflot  Male, Date de Naissance :1974-01-22 ( https://www.ehealth.fgov.be/standards/fhir/core/NamingSystem/ssin#BeSSINNamingSystem#11111111111)</a></p><p><b>effective</b>: 2025-03-01</p><p><b>performer</b>: <a href="Practitioner-Physician.html">Practitioner Dr. Jean Toubib</a></p><p><b>value</b>: 80 %</p><p><b>derivedFrom</b>: <a href="Observation-VunsEfrObservationSource.html">Observation Tiffeneau</a></p></div>
  </text>
  <partOf>
    <reference value="Procedure/VunsEfrExample"/>
  </partOf>
  <status value="final"/>
  <code>
    <coding>
      <system value="http://snomed.info/sct"/>
      <code value="313222007"/>
      <display value="FEV1/FVC percent"/>
    </coding>
    <text value="Volume expiratoire maximal par seconde divisé par la capacité vitale forcée"/>
  </code>
  <subject>
    <reference value="Patient/VunsPatientExample"/>
  </subject>
  <effectiveDateTime value="2025-03-01"/>
  <performer>
    <reference value="Practitioner/Physician"/>
  </performer>
  <valueQuantity>
    <value value="80"/>
    <unit value="%"/>
  </valueQuantity>
  <derivedFrom>
    <reference value="Observation/VunsEfrObservationSource"/>
  </derivedFrom>
</Observation>