<?xml version="1.0" encoding="UTF-8"?>

<Observation xmlns="http://hl7.org/fhir">
  <id value="ChulPneumoVitalSignExample"/>
  <meta>
    <profile value="http://si-s-serv1041.st.chulg/ig/VersUnSouffleNouveauIG/StructureDefinition/ChulPneumoVitalSign"/>
  </meta>
  <text>
    <status value="generated"/><div xmlns="http://www.w3.org/1999/xhtml"><p class="res-header-id"><b>Generated Narrative: Observation ChulPneumoVitalSignExample</b></p><a name="ChulPneumoVitalSignExample"> </a><a name="hcChulPneumoVitalSignExample"> </a><a name="ChulPneumoVitalSignExample-und"> </a><div style="display: inline-block; background-color: #d9e0e7; padding: 6px; margin: 4px; border: 1px solid #8da1b4; border-radius: 5px; line-height: 60%"><p style="margin-bottom: 0px"/><p style="margin-bottom: 0px">Profil: <a href="StructureDefinition-ChulPneumoVitalSign.html">ChulPneumoVitalSign</a></p></div><p><b>status</b>: Final</p><p><b>category</b>: <span title="Codes:{http://terminology.hl7.org/CodeSystem/observation-category vital-signs}">Vital Signs</span></p><p><b>code</b>: <span title="Codes:{http://loinc.org 29463-7}">Body weight</span></p><p><b>subject</b>: <a href="Patient-ChulPatientExample.html">Patrick Duflot  Male, Date de Naissance :1974-01-22 ( https://terminology.chuliege.be/NamingSystem/numnat#123456A)</a></p><p><b>effective</b>: 2023-10-01</p><p><b>performer</b>: <a href="Practitioner-Physician.html">Practitioner Dr. Jean Toubib</a></p><p><b>value</b>: 80 kg<span style="background: LightGoldenRodYellow"> (Details: UCUM  codekg = 'kg')</span></p></div>
  </text>
  <status value="final"/>
  <category>
    <coding>
      <system value="http://terminology.hl7.org/CodeSystem/observation-category"/>
      <code value="vital-signs"/>
    </coding>
  </category>
  <code>
    <coding>
      <system value="http://loinc.org"/>
      <code value="29463-7"/>
    </coding>
  </code>
  <subject>
    <reference value="Patient/ChulPatientExample"/>
  </subject>
  <effectiveDateTime value="2023-10-01"/>
  <performer>
    <reference value="Practitioner/Physician"/>
  </performer>
  <valueQuantity>
    <value value="80"/>
    <unit value="kg"/>
    <system value="http://unitsofmeasure.org"/>
    <code value="kg"/>
  </valueQuantity>
</Observation>