{
  "resourceType" : "Observation",
  "id" : "ChulPneumoBioExample",
  "meta" : {
    "profile" : ["http://hl7.eu/fhir/laboratory/StructureDefinition/Observation-resultslab-eu-lab"]
  },
  "text" : {
    "status" : "generated",
    "div" : "<div xmlns=\"http://www.w3.org/1999/xhtml\"><p class=\"res-header-id\"><b>Generated Narrative: Observation ChulPneumoBioExample</b></p><a name=\"ChulPneumoBioExample\"> </a><a name=\"hcChulPneumoBioExample\"> </a><a name=\"ChulPneumoBioExample-und\"> </a><div style=\"display: inline-block; background-color: #d9e0e7; padding: 6px; margin: 4px; border: 1px solid #8da1b4; border-radius: 5px; line-height: 60%\"><p style=\"margin-bottom: 0px\"/><p style=\"margin-bottom: 0px\">Profil: <a href=\"http://hl7.eu/fhir/laboratory/0.1.0/StructureDefinition-Observation-resultslab-eu-lab.html\">Observation Results: laboratory</a></p></div><p><b>status</b>: Final</p><p><b>category</b>: <span title=\"Codes:{http://terminology.hl7.org/CodeSystem/observation-category laboratory}\">Laboratory</span></p><p><b>code</b>: <span title=\"Codes:{http://loinc.org 38483-4}\">Creatinine [Mass/volume] in Blood</span></p><p><b>subject</b>: <a href=\"Patient-ChulLabPatientExample.html\">Patrick Duflot  Male, Date de Naissance :1974-01-22 ( https://terminology.chuliege.be/NamingSystem/numnat#123456A)</a></p><p><b>effective</b>: 2025-03-01</p><p><b>performer</b>: <a href=\"Organization-ChuLabo.html\">Organization CHU Labo</a></p><p><b>value</b>: 1.8 mg/dL<span style=\"background: LightGoldenRodYellow\"> (Details: UCUM  codemg/dL = 'mg/dL')</span></p></div>"
  },
  "status" : "final",
  "category" : [{
    "coding" : [{
      "system" : "http://terminology.hl7.org/CodeSystem/observation-category",
      "code" : "laboratory"
    }]
  }],
  "code" : {
    "coding" : [{
      "system" : "http://loinc.org",
      "code" : "38483-4"
    }]
  },
  "subject" : {
    "reference" : "Patient/ChulLabPatientExample"
  },
  "effectiveDateTime" : "2025-03-01",
  "performer" : [{
    "reference" : "Organization/ChuLabo"
  }],
  "valueQuantity" : {
    "value" : 1.8,
    "system" : "http://unitsofmeasure.org",
    "code" : "mg/dL"
  }
}