{
  "resourceType" : "Organization",
  "id" : "ChuLabo",
  "meta" : {
    "profile" : ["http://hl7.org/fhir/uv/ips/StructureDefinition/Organization-uv-ips"]
  },
  "text" : {
    "status" : "generated",
    "div" : "<div xmlns=\"http://www.w3.org/1999/xhtml\"><p class=\"res-header-id\"><b>Generated Narrative: Organization ChuLabo</b></p><a name=\"ChuLabo\"> </a><a name=\"hcChuLabo\"> </a><a name=\"ChuLabo-und\"> </a><div style=\"display: inline-block; background-color: #d9e0e7; padding: 6px; margin: 4px; border: 1px solid #8da1b4; border-radius: 5px; line-height: 60%\"><p style=\"margin-bottom: 0px\"/><p style=\"margin-bottom: 0px\">Profil: <a href=\"https://build.fhir.org/ig/HL7/fhir-ips/StructureDefinition-Organization-uv-ips.html\">Organization (IPS)</a></p></div><p><b>name</b>: CHU Labo</p></div>"
  },
  "name" : "CHU Labo"
}