<?xml version="1.0" encoding="UTF-8"?>

<Patient xmlns="http://hl7.org/fhir">
  <id value="VunsPatientExample"/>
  <meta>
    <profile value="http://si-s-serv1041.st.chulg/ig/VersUnSouffleNouveauIG/StructureDefinition/VunsPatient"/>
  </meta>
  <text>
    <status value="generated"/><div xmlns="http://www.w3.org/1999/xhtml"><p class="res-header-id"><b>Generated Narrative: Patient VunsPatientExample</b></p><a name="VunsPatientExample"> </a><a name="hcVunsPatientExample"> </a><a name="VunsPatientExample-und"> </a><div style="display: inline-block; background-color: #d9e0e7; padding: 6px; margin: 4px; border: 1px solid #8da1b4; border-radius: 5px; line-height: 60%"><p style="margin-bottom: 0px"/><p style="margin-bottom: 0px">Profil: <a href="StructureDefinition-VunsPatient.html">VunsPatient</a></p></div><p style="border: 1px #661aff solid; background-color: #e6e6ff; padding: 10px;">Patrick Duflot  Male, Date de Naissance :1974-01-22 ( https://www.ehealth.fgov.be/standards/fhir/core/NamingSystem/ssin#BeSSINNamingSystem#11111111111)</p><hr/><table class="grid"><tr><td style="background-color: #f3f5da" title="Moyens de contacter le Patient">Contact Detail</td><td colspan="3"><ul><li>ph: 04497887145</li><li><a href="mailto:pduflot@chuliege.be">pduflot@chuliege.be</a></li></ul></td></tr></table></div>
  </text>
  <identifier>
    <system value="https://www.ehealth.fgov.be/standards/fhir/core/NamingSystem/ssin"/>
    <value value="11111111111"/>
  </identifier>
  <name>
    <family value="Duflot"/>
    <given value="Patrick"/>
  </name>
  <telecom>
    <system value="phone"/>
    <value value="04497887145"/>
  </telecom>
  <telecom>
    <system value="email"/>
    <value value="pduflot@chuliege.be"/>
  </telecom>
  <gender value="male"/>
  <birthDate value="1974-01-22"/>
</Patient>