{
  "resourceType" : "Patient",
  "id" : "VunsLabPatientExample",
  "meta" : {
    "profile" : ["http://si-s-serv1041.st.chulg/ig/VersUnSouffleNouveauIG/StructureDefinition/VunsLabPatient",
    "https://www.ehealth.fgov.be/standards/fhir/core/StructureDefinition/be-patient",
    "http://hl7.eu/fhir/base/StructureDefinition/patient-eu-core"]
  },
  "text" : {
    "status" : "generated",
    "div" : "<div xmlns=\"http://www.w3.org/1999/xhtml\"><p class=\"res-header-id\"><b>Generated Narrative: Patient VunsLabPatientExample</b></p><a name=\"VunsLabPatientExample\"> </a><a name=\"hcVunsLabPatientExample\"> </a><a name=\"VunsLabPatientExample-und\"> </a><div style=\"display: inline-block; background-color: #d9e0e7; padding: 6px; margin: 4px; border: 1px solid #8da1b4; border-radius: 5px; line-height: 60%\"><p style=\"margin-bottom: 0px\"/><p style=\"margin-bottom: 0px\">Profils: <a href=\"StructureDefinition-VunsLabPatient.html\">VunsLabPatient</a>, <a href=\"https://www.ehealth.fgov.be/standards/fhir/core/2.1.2/StructureDefinition-be-patient.html\">BePatient</a>, <a href=\"https://build.fhir.org/ig/hl7-eu/base/StructureDefinition-patient-eu-core.html\">Patient (EU core)</a></p></div><p style=\"border: 1px #661aff solid; background-color: #e6e6ff; padding: 10px;\">Patrick Duflot  Male, Date de Naissance :1974-01-22 ( https://www.ehealth.fgov.be/standards/fhir/core/NamingSystem/ssin#BeSSINNamingSystem#11111111111)</p><hr/><table class=\"grid\"><tr><td style=\"background-color: #f3f5da\" title=\"Moyens de contacter le Patient\">Contact Detail</td><td colspan=\"3\"><ul><li>ph: 04497887145</li><li><a href=\"mailto:pduflot@chuliege.be\">pduflot@chuliege.be</a></li></ul></td></tr></table></div>"
  },
  "identifier" : [{
    "system" : "https://www.ehealth.fgov.be/standards/fhir/core/NamingSystem/ssin",
    "value" : "11111111111"
  }],
  "name" : [{
    "family" : "Duflot",
    "given" : ["Patrick"]
  }],
  "telecom" : [{
    "system" : "phone",
    "value" : "04497887145"
  },
  {
    "system" : "email",
    "value" : "pduflot@chuliege.be"
  }],
  "gender" : "male",
  "birthDate" : "1974-01-22"
}