{
  "package": "be.chuliege.versunsoufflenouveau",
  "version": "0.1.0",
  "fhirVersion": "4.0.1",
  "extensions": [],
  "profiles": {
    "Procedure": [
      {
        "url": "http://si-s-serv1041.st.chulg/ig/VersUnSouffleNouveauIG/StructureDefinition/ChulEfr",
        "title": "ChulEfr"
      }
    ],
    "Observation": [
      {
        "url": "http://si-s-serv1041.st.chulg/ig/VersUnSouffleNouveauIG/StructureDefinition/ChulPneumoVitalSign",
        "title": "ChulPneumoVitalSign"
      },
      {
        "url": "http://si-s-serv1041.st.chulg/ig/VersUnSouffleNouveauIG/StructureDefinition/ChulTobaccoObservation",
        "title": "ChulTobaccoObservation"
      }
    ],
    "Patient": [
      {
        "url": "http://si-s-serv1041.st.chulg/ig/VersUnSouffleNouveauIG/StructureDefinition/ChulLabPatient",
        "title": "ChulLabPatient"
      },
      {
        "url": "http://si-s-serv1041.st.chulg/ig/VersUnSouffleNouveauIG/StructureDefinition/ChulPatient",
        "title": "ChulPatient"
      }
    ],
    "Bundle": [
      {
        "url": "http://si-s-serv1041.st.chulg/ig/VersUnSouffleNouveauIG/StructureDefinition/ChulPneumoBundle",
        "title": "ChulPneumoBundle"
      }
    ],
    "Composition": [
      {
        "url": "http://si-s-serv1041.st.chulg/ig/VersUnSouffleNouveauIG/StructureDefinition/ChulPneumoComposition",
        "title": "ChulPneumoComposition"
      }
    ],
    "Condition": [
      {
        "url": "http://si-s-serv1041.st.chulg/ig/VersUnSouffleNouveauIG/StructureDefinition/ChulPneumoCondition",
        "title": "ChulPneumoCondition"
      }
    ]
  },
  "usage": {
    "http://hl7.eu/fhir/StructureDefinition/information-recipient": [
      "Composition"
    ],
    "http://hl7.eu/fhir/StructureDefinition/presentedForm": [
      "Composition"
    ],
    "http://hl7.eu/fhir/laboratory/StructureDefinition/observation-certifiedRefMaterialCodeable": [
      "Observation"
    ],
    "http://hl7.eu/fhir/laboratory/StructureDefinition/observation-certifiedRefMaterialIdentifer": [
      "Observation"
    ],
    "http://hl7.eu/fhir/laboratory/StructureDefinition/observation-deviceLabTestKit": [
      "Observation"
    ],
    "http://hl7.org/fhir/5.0/StructureDefinition/extension-Composition.version": [
      "Composition"
    ],
    "http://hl7.org/fhir/5.0/StructureDefinition/extension-Observation.triggeredBy": [
      "Observation"
    ],
    "http://hl7.org/fhir/5.0/StructureDefinition/extension-Observation.value[x]": [
      "Observation",
      "Observation.component"
    ],
    "http://hl7.org/fhir/StructureDefinition/bodySite": [
      "Condition"
    ],
    "http://hl7.org/fhir/StructureDefinition/data-absent-reason": [
      "Observation.effective[x]",
      "Patient.birthDate",
      "Patient.name",
      "Procedure.performed[x]"
    ],
    "http://hl7.org/fhir/StructureDefinition/elementdefinition-bestpractice": [
      "StructureDefinition.snapshot.element.constraint"
    ],
    "http://hl7.org/fhir/StructureDefinition/elementdefinition-bestpractice-explanation": [
      "StructureDefinition.snapshot.element.constraint"
    ],
    "http://hl7.org/fhir/StructureDefinition/elementdefinition-bindingName": [
      "StructureDefinition.snapshot.element.binding"
    ],
    "http://hl7.org/fhir/StructureDefinition/elementdefinition-maxValueSet": [
      "StructureDefinition.snapshot.element.binding"
    ],
    "http://hl7.org/fhir/StructureDefinition/elementdefinition-translatable": [
      "StructureDefinition.snapshot.element"
    ],
    "http://hl7.org/fhir/StructureDefinition/event-basedOn": [
      "Composition"
    ],
    "http://hl7.org/fhir/StructureDefinition/event-performerFunction": [
      "Observation.performer"
    ],
    "http://hl7.org/fhir/StructureDefinition/humanname-fathers-family": [
      "Patient.name.family"
    ],
    "http://hl7.org/fhir/StructureDefinition/humanname-mothers-family": [
      "Patient.name.family"
    ],
    "http://hl7.org/fhir/StructureDefinition/patient-birthPlace": [
      "Patient"
    ],
    "http://hl7.org/fhir/StructureDefinition/patient-citizenship": [
      "Patient"
    ],
    "http://hl7.org/fhir/StructureDefinition/patient-nationality": [
      "Patient"
    ],
    "http://hl7.org/fhir/StructureDefinition/patient-sexParameterForClinicalUse": [
      "Patient"
    ],
    "http://hl7.org/fhir/StructureDefinition/procedure-targetBodyStructure": [
      "Procedure"
    ],
    "http://hl7.org/fhir/StructureDefinition/regex": [
      "StructureDefinition.snapshot.element.type"
    ],
    "http://hl7.org/fhir/StructureDefinition/structuredefinition-display-hint": [
      "StructureDefinition.snapshot.element"
    ],
    "http://hl7.org/fhir/StructureDefinition/structuredefinition-fhir-type": [
      "StructureDefinition.snapshot.element.type"
    ],
    "http://hl7.org/fhir/StructureDefinition/structuredefinition-hierarchy": [
      "StructureDefinition.snapshot.element.type"
    ],
    "http://hl7.org/fhir/StructureDefinition/structuredefinition-imposeProfile": [
      "StructureDefinition"
    ],
    "http://hl7.org/fhir/StructureDefinition/translation": [
      "Condition.code.coding.display",
      "Observation.code.coding.display",
      "Procedure.code.coding.display"
    ],
    "http://hl7.org/fhir/StructureDefinition/workflow-supportingInfo": [
      "Observation"
    ],
    "http://hl7.org/fhir/tools/StructureDefinition/additional-binding": [
      "StructureDefinition.snapshot.element.binding"
    ],
    "http://hl7.org/fhir/tools/StructureDefinition/ig-internal-dependency": [
      "ImplementationGuide.definition"
    ],
    "http://hl7.org/fhir/tools/StructureDefinition/ig-page-name": [
      "ImplementationGuide.definition.page",
      "ImplementationGuide.definition.page.page"
    ],
    "http://hl7.org/fhir/tools/StructureDefinition/ig-parameter": [
      "ImplementationGuide.definition"
    ],
    "http://hl7.org/fhir/tools/StructureDefinition/implementationguide-dependency-comment": [
      "ImplementationGuide.dependsOn"
    ],
    "http://hl7.org/fhir/tools/StructureDefinition/resource-information": [
      "ImplementationGuide.definition.resource"
    ],
    "http://hl7.org/fhir/tools/StructureDefinition/snapshot-base-version": [
      "StructureDefinition.snapshot"
    ]
  }
}