<?xml version="1.0" encoding="UTF-8"?>

<ValueSet xmlns="http://hl7.org/fhir">
  <id value="i2x-pneumo-vitaux"/>
  <text>
    <status value="generated"/><div xmlns="http://www.w3.org/1999/xhtml"><p class="res-header-id"><b>Generated Narrative: ValueSet i2x-pneumo-vitaux</b></p><a name="i2x-pneumo-vitaux"> </a><a name="hci2x-pneumo-vitaux"> </a><a name="i2x-pneumo-vitaux-und"> </a><ul><li>Include ces codes sont définis dans <a href="http://loinc.org"><code>http://loinc.org</code></a><table class="none"><tr><td style="white-space:nowrap"><b>Code</b></td><td><b>Display</b></td></tr><tr><td><a href="https://loinc.org/29463-7/">29463-7</a></td><td>Poids</td></tr><tr><td><a href="https://loinc.org/8302-2/">8302-2</a></td><td>Taille</td></tr></table></li></ul></div>
  </text>
  <url value="http://si-s-serv1041.st.chulg/ig/VersUnSouffleNouveauIG/ValueSet/i2x-pneumo-vitaux"/>
  <version value="0.1.1"/>
  <name value="PNEUMO_VITAAUX_VS"/>
  <title value="Jeu de signes vitaux pneumologie"/>
  <status value="draft"/>
  <date value="2025-04-14"/>
  <publisher value="CHU Liège"/>
  <contact>
    <name value="CHU Liège"/>
    <telecom>
      <system value="url"/>
      <value value="http://www.chuliege.be"/>
    </telecom>
  </contact>
  <description value="Jeu de signes vitaux pneumologie"/>
  <copyright value="RM@H IG (C) 2025-2025 University Hospital of Liege, GSI Department, Belgium. This implementation guide is free software: you can redistribute it and/or modify it under the terms of the GNU General Public License as published by the Free Software Foundation, either version 3 of the License, or (at your option) any later version. This program is distributed in the hope that it will be useful, but WITHOUT ANY WARRANTY; without even the implied warranty of MERCHANTABILITY or FITNESS FOR A PARTICULAR PURPOSE. See the GNU General Public License for more details. You should have received a copy of the GNU General Public License along with this program. If not, see &lt;http://www.gnu.org/licenses/&gt;."/>
  <compose>
    <include>
      <system value="http://loinc.org"/>
      <concept>
        <code value="29463-7"/>
        <display value="Poids"/>
      </concept>
      <concept>
        <code value="8302-2"/>
        <display value="Taille"/>
      </concept>
    </include>
  </compose>
</ValueSet>