<?xml version="1.0" encoding="UTF-8"?>

<ValueSet xmlns="http://hl7.org/fhir">
  <id value="i2x-efr"/>
  <text>
    <status value="generated"/><div xmlns="http://www.w3.org/1999/xhtml"><p class="res-header-id"><b>Generated Narrative: ValueSet i2x-efr</b></p><a name="i2x-efr"> </a><a name="hci2x-efr"> </a><a name="i2x-efr-und"> </a><p>Ce jeu de valeur (ValueSet) inclut les codes selon les règles suivantes :</p><ul><li>Include ces codes sont définis dans <a href="http://loinc.org"><code>http://loinc.org</code></a><table class="none"><tr><td style="white-space:nowrap"><b>Code</b></td><td><b>Display</b></td></tr><tr><td><a href="https://loinc.org/81450-9/">81450-9</a></td><td>Capacité pulmonaire totale</td></tr></table></li><li>Include ces codes sont définis dans <a href="http://www.snomed.org/"><code>http://snomed.info/sct</code></a><table class="none"><tr><td style="white-space:nowrap"><b>Code</b></td><td><b>Display</b></td></tr><tr><td><a href="http://snomed.info/id/407602006">407602006</a></td><td>Volume expiratoire maximal par seconde</td></tr><tr><td><a href="http://snomed.info/id/313222007">313222007</a></td><td>Volume expiratoire maximal par seconde divisé par la capacité vitale forcée</td></tr></table></li></ul></div>
  </text>
  <url value="http://si-s-serv1041.st.chulg/ig/VersUnSouffleNouveauIG/ValueSet/i2x-efr"/>
  <version value="0.1.0"/>
  <name value="EFR_VS"/>
  <title value="Observations d'une épreuve fonctionnelle respiratoire"/>
  <status value="draft"/>
  <date value="2025-04-14"/>
  <publisher value="CHU Liège"/>
  <contact>
    <name value="CHU Liège"/>
    <telecom>
      <system value="url"/>
      <value value="http://www.chuliege.be"/>
    </telecom>
  </contact>
  <description value="Observations d'une épreuve fonctionnelle respiratoire"/>
  <copyright value="Vers Un Souffle Nouveau FHIR IG (C) 2025-2025 University Hospital of Liege, GSI Department, Belgium. This implementation guide is free software: you can redistribute it and/or modify it under the terms of the GNU General Public License as published by the Free Software Foundation, either version 3 of the License, or (at your option) any later version. This program is distributed in the hope that it will be useful, but WITHOUT ANY WARRANTY; without even the implied warranty of MERCHANTABILITY or FITNESS FOR A PARTICULAR PURPOSE. See the GNU General Public License for more details. You should have received a copy of the GNU General Public License along with this program. If not, see &lt;http://www.gnu.org/licenses/&gt;."/>
  <compose>
    <include>
      <system value="http://loinc.org"/>
      <concept>
        <code value="81450-9"/>
        <display value="Capacité pulmonaire totale"/>
      </concept>
    </include>
    <include>
      <system value="http://snomed.info/sct"/>
      <concept>
        <code value="407602006"/>
        <display value="Volume expiratoire maximal par seconde"/>
      </concept>
      <concept>
        <code value="313222007"/>
        <display value="Volume expiratoire maximal par seconde divisé par la capacité vitale forcée"/>
      </concept>
    </include>
  </compose>
</ValueSet>