{
  "resourceType" : "ValueSet",
  "id" : "i2x-efr",
  "text" : {
    "status" : "generated",
    "div" : "<div xmlns=\"http://www.w3.org/1999/xhtml\"><p class=\"res-header-id\"><b>Generated Narrative: ValueSet i2x-efr</b></p><a name=\"i2x-efr\"> </a><a name=\"hci2x-efr\"> </a><a name=\"i2x-efr-und\"> </a><p>Ce jeu de valeur (ValueSet) inclut les codes selon les règles suivantes :</p><ul><li>Include ces codes sont définis dans <a href=\"http://loinc.org\"><code>http://loinc.org</code></a><table class=\"none\"><tr><td style=\"white-space:nowrap\"><b>Code</b></td><td><b>Display</b></td></tr><tr><td><a href=\"https://loinc.org/81450-9/\">81450-9</a></td><td>Capacité pulmonaire totale</td></tr></table></li><li>Include ces codes sont définis dans <a href=\"http://www.snomed.org/\"><code>http://snomed.info/sct</code></a><table class=\"none\"><tr><td style=\"white-space:nowrap\"><b>Code</b></td><td><b>Display</b></td></tr><tr><td><a href=\"http://snomed.info/id/407602006\">407602006</a></td><td>Volume expiratoire maximal par seconde</td></tr><tr><td><a href=\"http://snomed.info/id/313222007\">313222007</a></td><td>Volume expiratoire maximal par seconde divisé par la capacité vitale forcée</td></tr></table></li></ul></div>"
  },
  "url" : "http://si-s-serv1041.st.chulg/ig/VersUnSouffleNouveauIG/ValueSet/i2x-efr",
  "version" : "0.1.0",
  "name" : "EFR_VS",
  "title" : "Observations d'une épreuve fonctionnelle respiratoire",
  "status" : "draft",
  "date" : "2025-04-09T15:00:50+02:00",
  "publisher" : "CHU Liège",
  "contact" : [{
    "name" : "CHU Liège",
    "telecom" : [{
      "system" : "url",
      "value" : "http://www.chuliege.be"
    }]
  }],
  "description" : "Observations d'une épreuve fonctionnelle respiratoire",
  "compose" : {
    "include" : [{
      "system" : "http://loinc.org",
      "concept" : [{
        "code" : "81450-9",
        "display" : "Capacité pulmonaire totale"
      }]
    },
    {
      "system" : "http://snomed.info/sct",
      "concept" : [{
        "code" : "407602006",
        "display" : "Volume expiratoire maximal par seconde"
      },
      {
        "code" : "313222007",
        "display" : "Volume expiratoire maximal par seconde divisé par la capacité vitale forcée"
      }]
    }]
  }
}