{
  "resourceType" : "ValueSet",
  "id" : "i2x-pneumo-bio",
  "text" : {
    "status" : "generated",
    "div" : "<div xmlns=\"http://www.w3.org/1999/xhtml\"><p class=\"res-header-id\"><b>Generated Narrative: ValueSet i2x-pneumo-bio</b></p><a name=\"i2x-pneumo-bio\"> </a><a name=\"hci2x-pneumo-bio\"> </a><a name=\"i2x-pneumo-bio-und\"> </a><ul><li>Include ces codes sont définis dans <a href=\"http://loinc.org\"><code>http://loinc.org</code></a><table class=\"none\"><tr><td style=\"white-space:nowrap\"><b>Code</b></td><td><b>Display</b></td></tr><tr><td><a href=\"https://loinc.org/718-7/\">718-7</a></td><td>Hémoglobine</td></tr><tr><td><a href=\"https://loinc.org/1988-5/\">1988-5</a></td><td>CRP</td></tr><tr><td><a href=\"https://loinc.org/26449-9/\">26449-9</a></td><td>Éosinophiles</td></tr><tr><td><a href=\"https://loinc.org/38483-4/\">38483-4</a></td><td>Créatinine</td></tr><tr><td><a href=\"https://loinc.org/70969-1/\">70969-1</a></td><td>Taux de filtration glomérulaire parmi la population masculine</td></tr><tr><td><a href=\"https://loinc.org/50044-7/\">50044-7</a></td><td>Taux de filtration glomérulaire parmi la population féminine</td></tr></table></li></ul></div>"
  },
  "url" : "http://si-s-serv1041.st.chulg/ig/VersUnSouffleNouveauIG/ValueSet/i2x-pneumo-bio",
  "version" : "0.1.0",
  "name" : "PNEUMO_BIO_VS",
  "title" : "Jeu de biologies d'intérêt pour la télésurveillance des maladies respiratoires",
  "status" : "draft",
  "date" : "2025-05-23T16:57:29+02:00",
  "publisher" : "CHU Liège",
  "contact" : [{
    "name" : "CHU Liège",
    "telecom" : [{
      "system" : "url",
      "value" : "http://www.chuliege.be"
    }]
  }],
  "description" : "Jeu de biologies d'intérêt pour la télésurveillance des maladies respiratoires",
  "compose" : {
    "include" : [{
      "system" : "http://loinc.org",
      "concept" : [{
        "code" : "718-7",
        "display" : "Hémoglobine"
      },
      {
        "code" : "1988-5",
        "display" : "CRP"
      },
      {
        "code" : "26449-9",
        "display" : "Éosinophiles"
      },
      {
        "code" : "38483-4",
        "display" : "Créatinine"
      },
      {
        "code" : "70969-1",
        "display" : "Taux de filtration glomérulaire parmi la population masculine"
      },
      {
        "code" : "50044-7",
        "display" : "Taux de filtration glomérulaire parmi la population féminine"
      }]
    }]
  }
}