<?xml version="1.0" encoding="UTF-8"?>

<ValueSet xmlns="http://hl7.org/fhir">
  <id value="i2x-pneumo-bio"/>
  <text>
    <status value="generated"/><div xmlns="http://www.w3.org/1999/xhtml"><p class="res-header-id"><b>Generated Narrative: ValueSet i2x-pneumo-bio</b></p><a name="i2x-pneumo-bio"> </a><a name="hci2x-pneumo-bio"> </a><a name="i2x-pneumo-bio-und"> </a><ul><li>Include ces codes sont définis dans <a href="http://loinc.org"><code>http://loinc.org</code></a><table class="none"><tr><td style="white-space:nowrap"><b>Code</b></td><td><b>Display</b></td></tr><tr><td><a href="https://loinc.org/718-7/">718-7</a></td><td>Hémoglobine</td></tr><tr><td><a href="https://loinc.org/1988-5/">1988-5</a></td><td>CRP</td></tr><tr><td><a href="https://loinc.org/26449-9/">26449-9</a></td><td>Éosinophiles</td></tr><tr><td><a href="https://loinc.org/38483-4/">38483-4</a></td><td>Créatinine</td></tr><tr><td><a href="https://loinc.org/70969-1/">70969-1</a></td><td>Taux de filtration glomérulaire parmi la population masculine</td></tr><tr><td><a href="https://loinc.org/50044-7/">50044-7</a></td><td>Taux de filtration glomérulaire parmi la population féminine</td></tr></table></li></ul></div>
  </text>
  <url value="http://si-s-serv1041.st.chulg/ig/VersUnSouffleNouveauIG/ValueSet/i2x-pneumo-bio"/>
  <version value="0.1.0"/>
  <name value="PNEUMO_BIO_VS"/>
  <title value="Jeu de biologies d'intérêt pour la télésurveillance des maladies respiratoires"/>
  <status value="draft"/>
  <date value="2025-05-23T16:57:29+02:00"/>
  <publisher value="CHU Liège"/>
  <contact>
    <name value="CHU Liège"/>
    <telecom>
      <system value="url"/>
      <value value="http://www.chuliege.be"/>
    </telecom>
  </contact>
  <description value="Jeu de biologies d'intérêt pour la télésurveillance des maladies respiratoires"/>
  <compose>
    <include>
      <system value="http://loinc.org"/>
      <concept>
        <code value="718-7"/>
        <display value="Hémoglobine"/>
      </concept>
      <concept>
        <code value="1988-5"/>
        <display value="CRP"/>
      </concept>
      <concept>
        <code value="26449-9"/>
        <display value="Éosinophiles"/>
      </concept>
      <concept>
        <code value="38483-4"/>
        <display value="Créatinine"/>
      </concept>
      <concept>
        <code value="70969-1"/>
        <display value="Taux de filtration glomérulaire parmi la population masculine"/>
      </concept>
      <concept>
        <code value="50044-7"/>
        <display value="Taux de filtration glomérulaire parmi la population féminine"/>
      </concept>
    </include>
  </compose>
</ValueSet>