{"resourceType":"ImplementationGuide","id":"be.chuliege.versunsoufflenouveau","language":"fr-BE","text":{"status":"generated","div":"<div xmlns=\"http://www.w3.org/1999/xhtml\" xml:lang=\"fr-BE\" lang=\"fr-BE\"><p class=\"res-header-id\"><b>Generated Narrative: ImplementationGuide be.chuliege.versunsoufflenouveau</b></p><a name=\"be.chuliege.versunsoufflenouveau\"> </a><a name=\"hcbe.chuliege.versunsoufflenouveau\"> </a><a name=\"be.chuliege.versunsoufflenouveau-und\"> </a><div style=\"display: inline-block; background-color: #d9e0e7; padding: 6px; margin: 4px; border: 1px solid #8da1b4; border-radius: 5px; line-height: 60%\"><p style=\"margin-bottom: 0px\">Language: fr-BE</p></div><h2>SouffleNouveauIG</h2><p>LURL officielle pour ce guide dimplémentation est : </p><pre>http://si-s-serv1041.st.chulg/ig/VersUnSouffleNouveauIG/ImplementationGuide/be.chuliege.versunsoufflenouveau</pre></div>"},"url":"http://si-s-serv1041.st.chulg/ig/VersUnSouffleNouveauIG/ImplementationGuide/be.chuliege.versunsoufflenouveau","version":"0.1.0","name":"SouffleNouveauIG","status":"draft","date":"2025-04-09T15:00:50+02:00","publisher":"CHU Liège","contact":[{"name":"CHU Liège","telecom":[{"system":"url","value":"http://www.chuliege.be"}]}],"packageId":"be.chuliege.versunsoufflenouveau","license":"CC0-1.0","fhirVersion":["4.0.1"],"dependsOn":[{"id":"hl7tx","extension":[{"url":"http://hl7.org/fhir/tools/StructureDefinition/implementationguide-dependency-comment","valueMarkdown":"Automatically added as a dependency - all IGs depend on HL7 Terminology"}],"uri":"http://terminology.hl7.org/ImplementationGuide/hl7.terminology","packageId":"hl7.terminology.r4","version":"6.2.0"},{"id":"hl7ext","extension":[{"url":"http://hl7.org/fhir/tools/StructureDefinition/implementationguide-dependency-comment","valueMarkdown":"Automatically added as a dependency - all IGs depend on the HL7 Extension Pack"}],"uri":"http://hl7.org/fhir/extensions/ImplementationGuide/hl7.fhir.uv.extensions","packageId":"hl7.fhir.uv.extensions.r4","version":"5.2.0"},{"id":"hl7_fhir_be_core","uri":"https://www.ehealth.fgov.be/standards/fhir/core/ImplementationGuide/hl7.fhir.be.core","packageId":"hl7.fhir.be.core","version":"2.1.2"},{"id":"hl7_fhir_eu_base_r4","uri":"http://hl7.eu/fhir/base/ImplementationGuide/hl7.fhir.eu.base.r4","packageId":"hl7.fhir.eu.base.r4","version":"0.0.1-ci"},{"id":"hl7_fhir_eu_hdr","uri":"http://hl7.eu/fhir/hdr/ImplementationGuide/hl7.fhir.eu.hdr","packageId":"hl7.fhir.eu.hdr","version":"0.0.1-ci"},{"id":"hl7_fhir_uv_ips","uri":"http://hl7.org/fhir/uv/ips/ImplementationGuide/hl7.fhir.uv.ips","packageId":"hl7.fhir.uv.ips","version":"1.1.0"},{"id":"hl7_fhir_eu_laboratory","uri":"http://hl7.eu/fhir/laboratory/ImplementationGuide/hl7.fhir.eu.laboratory","packageId":"hl7.fhir.eu.laboratory","version":"0.1.0"}],"definition":{"extension":[{"extension":[{"url":"code","valueString":"copyrightyear"},{"url":"value","valueString":"2025+"}],"url":"http://hl7.org/fhir/tools/StructureDefinition/ig-parameter"},{"extension":[{"url":"code","valueString":"releaselabel"},{"url":"value","valueString":"ci-build"}],"url":"http://hl7.org/fhir/tools/StructureDefinition/ig-parameter"},{"extension":[{"url":"code","valueString":"autoload-resources"},{"url":"value","valueString":"true"}],"url":"http://hl7.org/fhir/tools/StructureDefinition/ig-parameter"},{"extension":[{"url":"code","valueString":"path-liquid"},{"url":"value","valueString":"template/liquid"}],"url":"http://hl7.org/fhir/tools/StructureDefinition/ig-parameter"},{"extension":[{"url":"code","valueString":"path-liquid"},{"url":"value","valueString":"input/liquid"}],"url":"http://hl7.org/fhir/tools/StructureDefinition/ig-parameter"},{"extension":[{"url":"code","valueString":"path-qa"},{"url":"value","valueString":"temp/qa"}],"url":"http://hl7.org/fhir/tools/StructureDefinition/ig-parameter"},{"extension":[{"url":"code","valueString":"path-temp"},{"url":"value","valueString":"temp/pages"}],"url":"http://hl7.org/fhir/tools/StructureDefinition/ig-parameter"},{"extension":[{"url":"code","valueString":"path-output"},{"url":"value","valueString":"output"}],"url":"http://hl7.org/fhir/tools/StructureDefinition/ig-parameter"},{"extension":[{"url":"code","valueString":"path-suppressed-warnings"},{"url":"value","valueString":"input/ignoreWarnings.txt"}],"url":"http://hl7.org/fhir/tools/StructureDefinition/ig-parameter"},{"extension":[{"url":"code","valueString":"path-history"},{"url":"value","valueString":"http://si-s-serv1041.st.chulg/ig/VersUnSouffleNouveauIG/history.html"}],"url":"http://hl7.org/fhir/tools/StructureDefinition/ig-parameter"},{"extension":[{"url":"code","valueString":"template-html"},{"url":"value","valueString":"template-page.html"}],"url":"http://hl7.org/fhir/tools/StructureDefinition/ig-parameter"},{"extension":[{"url":"code","valueString":"template-md"},{"url":"value","valueString":"template-page-md.html"}],"url":"http://hl7.org/fhir/tools/StructureDefinition/ig-parameter"},{"extension":[{"url":"code","valueString":"apply-contact"},{"url":"value","valueString":"true"}],"url":"http://hl7.org/fhir/tools/StructureDefinition/ig-parameter"},{"extension":[{"url":"code","valueString":"apply-context"},{"url":"value","valueString":"true"}],"url":"http://hl7.org/fhir/tools/StructureDefinition/ig-parameter"},{"extension":[{"url":"code","valueString":"apply-copyright"},{"url":"value","valueString":"true"}],"url":"http://hl7.org/fhir/tools/StructureDefinition/ig-parameter"},{"extension":[{"url":"code","valueString":"apply-jurisdiction"},{"url":"value","valueString":"true"}],"url":"http://hl7.org/fhir/tools/StructureDefinition/ig-parameter"},{"extension":[{"url":"code","valueString":"apply-license"},{"url":"value","valueString":"true"}],"url":"http://hl7.org/fhir/tools/StructureDefinition/ig-parameter"},{"extension":[{"url":"code","valueString":"apply-publisher"},{"url":"value","valueString":"true"}],"url":"http://hl7.org/fhir/tools/StructureDefinition/ig-parameter"},{"extension":[{"url":"code","valueString":"apply-version"},{"url":"value","valueString":"true"}],"url":"http://hl7.org/fhir/tools/StructureDefinition/ig-parameter"},{"extension":[{"url":"code","valueString":"apply-wg"},{"url":"value","valueString":"true"}],"url":"http://hl7.org/fhir/tools/StructureDefinition/ig-parameter"},{"extension":[{"url":"code","valueString":"active-tables"},{"url":"value","valueString":"true"}],"url":"http://hl7.org/fhir/tools/StructureDefinition/ig-parameter"},{"extension":[{"url":"code","valueString":"fmm-definition"},{"url":"value","valueString":"http://hl7.org/fhir/versions.html#maturity"}],"url":"http://hl7.org/fhir/tools/StructureDefinition/ig-parameter"},{"extension":[{"url":"code","valueString":"propagate-status"},{"url":"value","valueString":"true"}],"url":"http://hl7.org/fhir/tools/StructureDefinition/ig-parameter"},{"extension":[{"url":"code","valueString":"excludelogbinaryformat"},{"url":"value","valueString":"true"}],"url":"http://hl7.org/fhir/tools/StructureDefinition/ig-parameter"},{"extension":[{"url":"code","valueString":"tabbed-snapshots"},{"url":"value","valueString":"true"}],"url":"http://hl7.org/fhir/tools/StructureDefinition/ig-parameter"},{"url":"http://hl7.org/fhir/tools/StructureDefinition/ig-internal-dependency","valueCode":"hl7.fhir.uv.tools.r4#0.4.1"},{"extension":[{"url":"code","valueCode":"copyrightyear"},{"url":"value","valueString":"2025+"}],"url":"http://hl7.org/fhir/tools/StructureDefinition/ig-parameter"},{"extension":[{"url":"code","valueCode":"releaselabel"},{"url":"value","valueString":"ci-build"}],"url":"http://hl7.org/fhir/tools/StructureDefinition/ig-parameter"},{"extension":[{"url":"code","valueCode":"autoload-resources"},{"url":"value","valueString":"true"}],"url":"http://hl7.org/fhir/tools/StructureDefinition/ig-parameter"},{"extension":[{"url":"code","valueCode":"path-liquid"},{"url":"value","valueString":"template/liquid"}],"url":"http://hl7.org/fhir/tools/StructureDefinition/ig-parameter"},{"extension":[{"url":"code","valueCode":"path-liquid"},{"url":"value","valueString":"input/liquid"}],"url":"http://hl7.org/fhir/tools/StructureDefinition/ig-parameter"},{"extension":[{"url":"code","valueCode":"path-qa"},{"url":"value","valueString":"temp/qa"}],"url":"http://hl7.org/fhir/tools/StructureDefinition/ig-parameter"},{"extension":[{"url":"code","valueCode":"path-temp"},{"url":"value","valueString":"temp/pages"}],"url":"http://hl7.org/fhir/tools/StructureDefinition/ig-parameter"},{"extension":[{"url":"code","valueCode":"path-output"},{"url":"value","valueString":"output"}],"url":"http://hl7.org/fhir/tools/StructureDefinition/ig-parameter"},{"extension":[{"url":"code","valueCode":"path-suppressed-warnings"},{"url":"value","valueString":"input/ignoreWarnings.txt"}],"url":"http://hl7.org/fhir/tools/StructureDefinition/ig-parameter"},{"extension":[{"url":"code","valueCode":"path-history"},{"url":"value","valueString":"http://si-s-serv1041.st.chulg/ig/VersUnSouffleNouveauIG/history.html"}],"url":"http://hl7.org/fhir/tools/StructureDefinition/ig-parameter"},{"extension":[{"url":"code","valueCode":"template-html"},{"url":"value","valueString":"template-page.html"}],"url":"http://hl7.org/fhir/tools/StructureDefinition/ig-parameter"},{"extension":[{"url":"code","valueCode":"template-md"},{"url":"value","valueString":"template-page-md.html"}],"url":"http://hl7.org/fhir/tools/StructureDefinition/ig-parameter"},{"extension":[{"url":"code","valueCode":"apply-contact"},{"url":"value","valueString":"true"}],"url":"http://hl7.org/fhir/tools/StructureDefinition/ig-parameter"},{"extension":[{"url":"code","valueCode":"apply-context"},{"url":"value","valueString":"true"}],"url":"http://hl7.org/fhir/tools/StructureDefinition/ig-parameter"},{"extension":[{"url":"code","valueCode":"apply-copyright"},{"url":"value","valueString":"true"}],"url":"http://hl7.org/fhir/tools/StructureDefinition/ig-parameter"},{"extension":[{"url":"code","valueCode":"apply-jurisdiction"},{"url":"value","valueString":"true"}],"url":"http://hl7.org/fhir/tools/StructureDefinition/ig-parameter"},{"extension":[{"url":"code","valueCode":"apply-license"},{"url":"value","valueString":"true"}],"url":"http://hl7.org/fhir/tools/StructureDefinition/ig-parameter"},{"extension":[{"url":"code","valueCode":"apply-publisher"},{"url":"value","valueString":"true"}],"url":"http://hl7.org/fhir/tools/StructureDefinition/ig-parameter"},{"extension":[{"url":"code","valueCode":"apply-version"},{"url":"value","valueString":"true"}],"url":"http://hl7.org/fhir/tools/StructureDefinition/ig-parameter"},{"extension":[{"url":"code","valueCode":"apply-wg"},{"url":"value","valueString":"true"}],"url":"http://hl7.org/fhir/tools/StructureDefinition/ig-parameter"},{"extension":[{"url":"code","valueCode":"active-tables"},{"url":"value","valueString":"true"}],"url":"http://hl7.org/fhir/tools/StructureDefinition/ig-parameter"},{"extension":[{"url":"code","valueCode":"fmm-definition"},{"url":"value","valueString":"http://hl7.org/fhir/versions.html#maturity"}],"url":"http://hl7.org/fhir/tools/StructureDefinition/ig-parameter"},{"extension":[{"url":"code","valueCode":"propagate-status"},{"url":"value","valueString":"true"}],"url":"http://hl7.org/fhir/tools/StructureDefinition/ig-parameter"},{"extension":[{"url":"code","valueCode":"excludelogbinaryformat"},{"url":"value","valueString":"true"}],"url":"http://hl7.org/fhir/tools/StructureDefinition/ig-parameter"},{"extension":[{"url":"code","valueCode":"tabbed-snapshots"},{"url":"value","valueString":"true"}],"url":"http://hl7.org/fhir/tools/StructureDefinition/ig-parameter"},{"extension":[{"url":"code","valueCode":"copyrightyear"},{"url":"value","valueString":"2025+"}],"url":"http://hl7.org/fhir/tools/StructureDefinition/ig-parameter"},{"extension":[{"url":"code","valueCode":"releaselabel"},{"url":"value","valueString":"ci-build"}],"url":"http://hl7.org/fhir/tools/StructureDefinition/ig-parameter"},{"extension":[{"url":"code","valueCode":"autoload-resources"},{"url":"value","valueString":"true"}],"url":"http://hl7.org/fhir/tools/StructureDefinition/ig-parameter"},{"extension":[{"url":"code","valueCode":"path-liquid"},{"url":"value","valueString":"template/liquid"}],"url":"http://hl7.org/fhir/tools/StructureDefinition/ig-parameter"},{"extension":[{"url":"code","valueCode":"path-liquid"},{"url":"value","valueString":"input/liquid"}],"url":"http://hl7.org/fhir/tools/StructureDefinition/ig-parameter"},{"extension":[{"url":"code","valueCode":"path-qa"},{"url":"value","valueString":"temp/qa"}],"url":"http://hl7.org/fhir/tools/StructureDefinition/ig-parameter"},{"extension":[{"url":"code","valueCode":"path-temp"},{"url":"value","valueString":"temp/pages"}],"url":"http://hl7.org/fhir/tools/StructureDefinition/ig-parameter"},{"extension":[{"url":"code","valueCode":"path-output"},{"url":"value","valueString":"output"}],"url":"http://hl7.org/fhir/tools/StructureDefinition/ig-parameter"},{"extension":[{"url":"code","valueCode":"path-suppressed-warnings"},{"url":"value","valueString":"input/ignoreWarnings.txt"}],"url":"http://hl7.org/fhir/tools/StructureDefinition/ig-parameter"},{"extension":[{"url":"code","valueCode":"path-history"},{"url":"value","valueString":"http://si-s-serv1041.st.chulg/ig/VersUnSouffleNouveauIG/history.html"}],"url":"http://hl7.org/fhir/tools/StructureDefinition/ig-parameter"},{"extension":[{"url":"code","valueCode":"template-html"},{"url":"value","valueString":"template-page.html"}],"url":"http://hl7.org/fhir/tools/StructureDefinition/ig-parameter"},{"extension":[{"url":"code","valueCode":"template-md"},{"url":"value","valueString":"template-page-md.html"}],"url":"http://hl7.org/fhir/tools/StructureDefinition/ig-parameter"},{"extension":[{"url":"code","valueCode":"apply-contact"},{"url":"value","valueString":"true"}],"url":"http://hl7.org/fhir/tools/StructureDefinition/ig-parameter"},{"extension":[{"url":"code","valueCode":"apply-context"},{"url":"value","valueString":"true"}],"url":"http://hl7.org/fhir/tools/StructureDefinition/ig-parameter"},{"extension":[{"url":"code","valueCode":"apply-copyright"},{"url":"value","valueString":"true"}],"url":"http://hl7.org/fhir/tools/StructureDefinition/ig-parameter"},{"extension":[{"url":"code","valueCode":"apply-jurisdiction"},{"url":"value","valueString":"true"}],"url":"http://hl7.org/fhir/tools/StructureDefinition/ig-parameter"},{"extension":[{"url":"code","valueCode":"apply-license"},{"url":"value","valueString":"true"}],"url":"http://hl7.org/fhir/tools/StructureDefinition/ig-parameter"},{"extension":[{"url":"code","valueCode":"apply-publisher"},{"url":"value","valueString":"true"}],"url":"http://hl7.org/fhir/tools/StructureDefinition/ig-parameter"},{"extension":[{"url":"code","valueCode":"apply-version"},{"url":"value","valueString":"true"}],"url":"http://hl7.org/fhir/tools/StructureDefinition/ig-parameter"},{"extension":[{"url":"code","valueCode":"apply-wg"},{"url":"value","valueString":"true"}],"url":"http://hl7.org/fhir/tools/StructureDefinition/ig-parameter"},{"extension":[{"url":"code","valueCode":"active-tables"},{"url":"value","valueString":"true"}],"url":"http://hl7.org/fhir/tools/StructureDefinition/ig-parameter"},{"extension":[{"url":"code","valueCode":"fmm-definition"},{"url":"value","valueString":"http://hl7.org/fhir/versions.html#maturity"}],"url":"http://hl7.org/fhir/tools/StructureDefinition/ig-parameter"},{"extension":[{"url":"code","valueCode":"propagate-status"},{"url":"value","valueString":"true"}],"url":"http://hl7.org/fhir/tools/StructureDefinition/ig-parameter"},{"extension":[{"url":"code","valueCode":"excludelogbinaryformat"},{"url":"value","valueString":"true"}],"url":"http://hl7.org/fhir/tools/StructureDefinition/ig-parameter"},{"extension":[{"url":"code","valueCode":"tabbed-snapshots"},{"url":"value","valueString":"true"}],"url":"http://hl7.org/fhir/tools/StructureDefinition/ig-parameter"}],"grouping":[{"id":"-str-profile","name":"Structures: Resource Profiles","description":"These define constraints on FHIR resources for systems conforming to this implementation guide."},{"id":"-term-valueset","name":"Terminology: Value Sets","description":"These define sets of codes used by systems conforming to this implementation guide."},{"id":"-ex-example","name":"Example: Example Instances","description":"These are example instances that show what data produced and consumed by systems conforming with this implementation guide might look like."}],"resource":[{"extension":[{"url":"http://hl7.org/fhir/tools/StructureDefinition/resource-sort","valueInteger":999999999},{"url":"http://hl7.org/fhir/StructureDefinition/implementationguide-page","valueUri":"StructureDefinition-ChulEfr.html"}],"reference":{"reference":"StructureDefinition/ChulEfr"},"name":"ChulEfr","description":"EFR observation","exampleBoolean":false,"groupingId":"-str-profile"},{"extension":[{"url":"http://hl7.org/fhir/tools/StructureDefinition/resource-sort","valueInteger":999999999},{"url":"http://hl7.org/fhir/StructureDefinition/implementationguide-page","valueUri":"StructureDefinition-ChulEfrObservation.html"}],"reference":{"reference":"StructureDefinition/ChulEfrObservation"},"name":"ChulEfrObservation","description":"EFR observation","exampleBoolean":false,"groupingId":"-str-profile"},{"extension":[{"url":"http://hl7.org/fhir/tools/StructureDefinition/resource-sort","valueInteger":999999999},{"url":"http://hl7.org/fhir/StructureDefinition/implementationguide-page","valueUri":"StructureDefinition-ChulLabPatient.html"}],"reference":{"reference":"StructureDefinition/ChulLabPatient"},"name":"ChulLabPatient","description":"Profil pour un Patient CHU Liège","exampleBoolean":false,"groupingId":"-str-profile"},{"extension":[{"url":"http://hl7.org/fhir/tools/StructureDefinition/resource-sort","valueInteger":999999999},{"url":"http://hl7.org/fhir/StructureDefinition/implementationguide-page","valueUri":"StructureDefinition-ChulPatient.html"}],"reference":{"reference":"StructureDefinition/ChulPatient"},"name":"ChulPatient","description":"Profil pour un Patient CHU Liège","exampleBoolean":false,"groupingId":"-str-profile"},{"extension":[{"url":"http://hl7.org/fhir/tools/StructureDefinition/resource-sort","valueInteger":999999999},{"url":"http://hl7.org/fhir/StructureDefinition/implementationguide-page","valueUri":"StructureDefinition-ChulPneumoBio.html"}],"reference":{"reference":"StructureDefinition/ChulPneumoBio"},"name":"ChulPneumoBio","description":"Profil pour les biologies d'intérêt pneumologique","exampleBoolean":false,"groupingId":"-str-profile"},{"extension":[{"url":"http://hl7.org/fhir/tools/StructureDefinition/resource-sort","valueInteger":999999999},{"url":"http://hl7.org/fhir/StructureDefinition/implementationguide-page","valueUri":"StructureDefinition-ChulPneumoBundle.html"}],"reference":{"reference":"StructureDefinition/ChulPneumoBundle"},"name":"ChulPneumoBundle","description":"Profil pour un Bundle Discharge Report en pneumologie","exampleBoolean":false,"groupingId":"-str-profile"},{"extension":[{"url":"http://hl7.org/fhir/tools/StructureDefinition/resource-sort","valueInteger":999999999},{"url":"http://hl7.org/fhir/StructureDefinition/implementationguide-page","valueUri":"StructureDefinition-ChulPneumoComposition.html"}],"reference":{"reference":"StructureDefinition/ChulPneumoComposition"},"name":"ChulPneumoComposition","description":"Profil pour une Composition Discharge Report en pneumologie","exampleBoolean":false,"groupingId":"-str-profile"},{"extension":[{"url":"http://hl7.org/fhir/tools/StructureDefinition/resource-sort","valueInteger":999999999},{"url":"http://hl7.org/fhir/StructureDefinition/implementationguide-page","valueUri":"StructureDefinition-ChulPneumoCondition.html"}],"reference":{"reference":"StructureDefinition/ChulPneumoCondition"},"name":"ChulPneumoCondition","description":"Diagnostic pneumologie","exampleBoolean":false,"groupingId":"-str-profile"},{"extension":[{"url":"http://hl7.org/fhir/tools/StructureDefinition/resource-sort","valueInteger":999999999},{"url":"http://hl7.org/fhir/StructureDefinition/implementationguide-page","valueUri":"StructureDefinition-ChulPneumoVitalSign.html"}],"reference":{"reference":"StructureDefinition/ChulPneumoVitalSign"},"name":"ChulPneumoVitalSign","description":"Profil pour une observation de signe vital en pneumologie","exampleBoolean":false,"groupingId":"-str-profile"},{"extension":[{"url":"http://hl7.org/fhir/tools/StructureDefinition/resource-sort","valueInteger":999999999},{"url":"http://hl7.org/fhir/StructureDefinition/implementationguide-page","valueUri":"StructureDefinition-ChulTobaccoObservation.html"}],"reference":{"reference":"StructureDefinition/ChulTobaccoObservation"},"name":"ChulTobaccoObservation","description":"Profil pour une observation en tabacologie","exampleBoolean":false,"groupingId":"-str-profile"},{"extension":[{"url":"http://hl7.org/fhir/tools/StructureDefinition/resource-sort","valueInteger":999999999},{"url":"http://hl7.org/fhir/StructureDefinition/implementationguide-page","valueUri":"ValueSet-i2x-pneumo-diagnostic.html"}],"reference":{"reference":"ValueSet/i2x-pneumo-diagnostic"},"name":"Diagnostic principal maladie respiratoire","description":"Diagnostic principal maladie respiratoire","exampleBoolean":false,"groupingId":"-term-valueset"},{"extension":[{"url":"http://hl7.org/fhir/tools/StructureDefinition/resource-sort","valueInteger":999999999},{"url":"http://hl7.org/fhir/StructureDefinition/implementationguide-page","valueUri":"ValueSet-i2x-pneumo-bio.html"}],"reference":{"reference":"ValueSet/i2x-pneumo-bio"},"name":"Jeu de biologies d'intérêt pour la télésurveillance des maladies respiratoires","description":"Jeu de biologies d'intérêt pour la télésurveillance des maladies respiratoires","exampleBoolean":false,"groupingId":"-term-valueset"},{"extension":[{"url":"http://hl7.org/fhir/tools/StructureDefinition/resource-sort","valueInteger":999999999},{"url":"http://hl7.org/fhir/StructureDefinition/implementationguide-page","valueUri":"ValueSet-i2x-tabac.html"}],"reference":{"reference":"ValueSet/i2x-tabac"},"name":"Jeu de concept de tabacologie","description":"Jeu de concept de tabacologie","exampleBoolean":false,"groupingId":"-term-valueset"},{"extension":[{"url":"http://hl7.org/fhir/tools/StructureDefinition/resource-sort","valueInteger":999999999},{"url":"http://hl7.org/fhir/StructureDefinition/implementationguide-page","valueUri":"ValueSet-i2x-tabac-status.html"}],"reference":{"reference":"ValueSet/i2x-tabac-status"},"name":"Jeu de concept pour le statut de tabagisme","exampleBoolean":false,"groupingId":"-term-valueset"},{"extension":[{"url":"http://hl7.org/fhir/tools/StructureDefinition/resource-sort","valueInteger":999999999},{"url":"http://hl7.org/fhir/StructureDefinition/implementationguide-page","valueUri":"ValueSet-i2x-efr.html"}],"reference":{"reference":"ValueSet/i2x-efr"},"name":"Observations d'une épreuve fonctionnelle respiratoire","description":"Observations d'une épreuve fonctionnelle respiratoire","exampleBoolean":false,"groupingId":"-term-valueset"},{"extension":[{"url":"http://hl7.org/fhir/tools/StructureDefinition/resource-sort","valueInteger":999999999},{"url":"http://hl7.org/fhir/StructureDefinition/implementationguide-page","valueUri":"ValueSet-i2x-pneumo-vitaux.html"}],"reference":{"reference":"ValueSet/i2x-pneumo-vitaux"},"name":"Signes vitaux pneumologie","description":"Signes vitaux pneumologie","exampleBoolean":false,"groupingId":"-term-valueset"},{"extension":[{"url":"http://hl7.org/fhir/tools/StructureDefinition/resource-sort","valueInteger":999999999},{"url":"http://hl7.org/fhir/StructureDefinition/implementationguide-page","valueUri":"Organization-ChuLabo.html"}],"reference":{"reference":"Organization/ChuLabo"},"name":"ChuLabo","exampleBoolean":true,"groupingId":"-ex-example"},{"extension":[{"url":"http://hl7.org/fhir/tools/StructureDefinition/resource-sort","valueInteger":999999999},{"url":"http://hl7.org/fhir/StructureDefinition/implementationguide-page","valueUri":"Procedure-ChulEfrExample.html"}],"reference":{"reference":"Procedure/ChulEfrExample"},"name":"ChulEfrExample","description":"Exemple d'épreuve fonctionnelle respiratoire","exampleCanonical":"http://si-s-serv1041.st.chulg/ig/VersUnSouffleNouveauIG/StructureDefinition/ChulEfr","groupingId":"-ex-example"},{"extension":[{"url":"http://hl7.org/fhir/tools/StructureDefinition/resource-sort","valueInteger":999999999},{"url":"http://hl7.org/fhir/StructureDefinition/implementationguide-page","valueUri":"Observation-ChulEfrObservationExample.html"}],"reference":{"reference":"Observation/ChulEfrObservationExample"},"name":"ChulEfrObservationExample","description":"Example d'observation lors d'une épreuve fonctionnelle respiratoire","exampleCanonical":"http://si-s-serv1041.st.chulg/ig/VersUnSouffleNouveauIG/StructureDefinition/ChulEfrObservation","groupingId":"-ex-example"},{"extension":[{"url":"http://hl7.org/fhir/tools/StructureDefinition/resource-sort","valueInteger":999999999},{"url":"http://hl7.org/fhir/StructureDefinition/implementationguide-page","valueUri":"Observation-ChulEfrObservationSource.html"}],"reference":{"reference":"Observation/ChulEfrObservationSource"},"name":"ChulEfrObservationSource","description":"Observation originale dans OmniPro","exampleBoolean":true,"groupingId":"-ex-example"},{"extension":[{"url":"http://hl7.org/fhir/tools/StructureDefinition/resource-sort","valueInteger":999999999},{"url":"http://hl7.org/fhir/StructureDefinition/implementationguide-page","valueUri":"Patient-ChulLabPatientExample.html"}],"reference":{"reference":"Patient/ChulLabPatientExample"},"name":"ChulLabPatientExample","description":"Example de patient CHU Liège","exampleCanonical":"http://si-s-serv1041.st.chulg/ig/VersUnSouffleNouveauIG/StructureDefinition/ChulLabPatient","groupingId":"-ex-example"},{"extension":[{"url":"http://hl7.org/fhir/tools/StructureDefinition/resource-sort","valueInteger":999999999},{"url":"http://hl7.org/fhir/StructureDefinition/implementationguide-page","valueUri":"Patient-ChulPatientExample.html"}],"reference":{"reference":"Patient/ChulPatientExample"},"name":"ChulPatientExample","description":"Example de patient CHU Liège","exampleCanonical":"http://si-s-serv1041.st.chulg/ig/VersUnSouffleNouveauIG/StructureDefinition/ChulPatient","groupingId":"-ex-example"},{"extension":[{"url":"http://hl7.org/fhir/tools/StructureDefinition/resource-sort","valueInteger":999999999},{"url":"http://hl7.org/fhir/StructureDefinition/implementationguide-page","valueUri":"Observation-ChulPneumoBioExample.html"}],"reference":{"reference":"Observation/ChulPneumoBioExample"},"name":"ChulPneumoBioExample","description":"Example de biologie d'intérêt pneumologique","exampleBoolean":true,"groupingId":"-ex-example"},{"extension":[{"url":"http://hl7.org/fhir/tools/StructureDefinition/resource-sort","valueInteger":999999999},{"url":"http://hl7.org/fhir/StructureDefinition/implementationguide-page","valueUri":"Bundle-ChulPneumoBundleExample.html"}],"reference":{"reference":"Bundle/ChulPneumoBundleExample"},"name":"ChulPneumoBundleExample","description":"Example de composition en pneumologie","exampleCanonical":"http://si-s-serv1041.st.chulg/ig/VersUnSouffleNouveauIG/StructureDefinition/ChulPneumoBundle","groupingId":"-ex-example"},{"extension":[{"url":"http://hl7.org/fhir/tools/StructureDefinition/resource-sort","valueInteger":999999999},{"url":"http://hl7.org/fhir/StructureDefinition/implementationguide-page","valueUri":"Bundle-ChulPneumoBundleExampleLab.html"}],"reference":{"reference":"Bundle/ChulPneumoBundleExampleLab"},"name":"ChulPneumoBundleExampleLab","description":"Example de composition en pneumologie","exampleCanonical":"http://si-s-serv1041.st.chulg/ig/VersUnSouffleNouveauIG/StructureDefinition/ChulPneumoBundle","groupingId":"-ex-example"},{"extension":[{"url":"http://hl7.org/fhir/tools/StructureDefinition/resource-sort","valueInteger":999999999},{"url":"http://hl7.org/fhir/StructureDefinition/implementationguide-page","valueUri":"Condition-ChulPneumoConditionExample.html"}],"reference":{"reference":"Condition/ChulPneumoConditionExample"},"name":"ChulPneumoConditionExample","description":"Example de diagnostic pneumologique","exampleCanonical":"http://si-s-serv1041.st.chulg/ig/VersUnSouffleNouveauIG/StructureDefinition/ChulPneumoCondition","groupingId":"-ex-example"},{"extension":[{"url":"http://hl7.org/fhir/tools/StructureDefinition/resource-sort","valueInteger":999999999},{"url":"http://hl7.org/fhir/StructureDefinition/implementationguide-page","valueUri":"Observation-ChulPneumoVitalSignExample.html"}],"reference":{"reference":"Observation/ChulPneumoVitalSignExample"},"name":"ChulPneumoVitalSignExample","description":"Example de signe vital en pneumologie","exampleCanonical":"http://si-s-serv1041.st.chulg/ig/VersUnSouffleNouveauIG/StructureDefinition/ChulPneumoVitalSign","groupingId":"-ex-example"},{"extension":[{"url":"http://hl7.org/fhir/tools/StructureDefinition/resource-sort","valueInteger":999999999},{"url":"http://hl7.org/fhir/StructureDefinition/implementationguide-page","valueUri":"Observation-ChulTobaccoObservationExample.html"}],"reference":{"reference":"Observation/ChulTobaccoObservationExample"},"name":"ChulTobaccoObservationExample","description":"Example d'observation en tabacologie","exampleCanonical":"http://si-s-serv1041.st.chulg/ig/VersUnSouffleNouveauIG/StructureDefinition/ChulTobaccoObservation","groupingId":"-ex-example"},{"extension":[{"url":"http://hl7.org/fhir/tools/StructureDefinition/resource-sort","valueInteger":999999999},{"url":"http://hl7.org/fhir/StructureDefinition/implementationguide-page","valueUri":"DiagnosticReport-EfrDiagnosticReport.html"}],"reference":{"reference":"DiagnosticReport/EfrDiagnosticReport"},"name":"EfrDiagnosticReport","description":"résultats d'une épreuve fonctionnelle respiratoire","exampleBoolean":true,"groupingId":"-ex-example"},{"extension":[{"url":"http://hl7.org/fhir/tools/StructureDefinition/resource-sort","valueInteger":999999999},{"url":"http://hl7.org/fhir/StructureDefinition/implementationguide-page","valueUri":"Encounter-EuEncounterExample.html"}],"reference":{"reference":"Encounter/EuEncounterExample"},"name":"EuEncounterExample","exampleBoolean":true,"groupingId":"-ex-example"},{"extension":[{"url":"http://hl7.org/fhir/tools/StructureDefinition/resource-sort","valueInteger":999999999},{"url":"http://hl7.org/fhir/StructureDefinition/implementationguide-page","valueUri":"Composition-ChulPneumoCompositionExample.html"}],"reference":{"reference":"Composition/ChulPneumoCompositionExample"},"name":"Exemple de composition en pneumologie","description":"Example de composition en pneumologie","exampleBoolean":true,"groupingId":"-ex-example"},{"extension":[{"url":"http://hl7.org/fhir/tools/StructureDefinition/resource-sort","valueInteger":999999999},{"url":"http://hl7.org/fhir/StructureDefinition/implementationguide-page","valueUri":"Composition-ChulPneumoCompositionExampleLab.html"}],"reference":{"reference":"Composition/ChulPneumoCompositionExampleLab"},"name":"Exemple de composition en pneumologie","description":"Example de composition en pneumologie","exampleBoolean":true,"groupingId":"-ex-example"},{"extension":[{"url":"http://hl7.org/fhir/tools/StructureDefinition/resource-sort","valueInteger":999999999},{"url":"http://hl7.org/fhir/StructureDefinition/implementationguide-page","valueUri":"Organization-GSI.html"}],"reference":{"reference":"Organization/GSI"},"name":"GSI","exampleBoolean":true,"groupingId":"-ex-example"},{"extension":[{"url":"http://hl7.org/fhir/tools/StructureDefinition/resource-sort","valueInteger":999999999},{"url":"http://hl7.org/fhir/StructureDefinition/implementationguide-page","valueUri":"Practitioner-Physician.html"}],"reference":{"reference":"Practitioner/Physician"},"name":"Physician","exampleBoolean":true,"groupingId":"-ex-example"}],"page":{"extension":[{"url":"http://hl7.org/fhir/tools/StructureDefinition/ig-page-name","valueUrl":"toc.html"}],"nameUrl":"toc.html","title":"Table of Contents","generation":"html","page":[{"extension":[{"url":"http://hl7.org/fhir/tools/StructureDefinition/ig-page-name","valueUrl":"index.html"}],"nameUrl":"index.html","title":"Home","generation":"markdown"},{"extension":[{"url":"http://hl7.org/fhir/tools/StructureDefinition/ig-page-name","valueUrl":"known-issues.html"}],"nameUrl":"known-issues.html","title":"Known Issues","generation":"markdown"},{"extension":[{"url":"http://hl7.org/fhir/tools/StructureDefinition/ig-page-name","valueUrl":"validation.html"}],"nameUrl":"validation.html","title":"Validation","generation":"markdown"},{"extension":[{"url":"http://hl7.org/fhir/tools/StructureDefinition/ig-page-name","valueUrl":"artifacts.html"}],"nameUrl":"artifacts.html","title":"Artifacts Summary","generation":"html","page":[{"extension":[{"url":"http://hl7.org/fhir/tools/StructureDefinition/ig-page-name","valueUrl":"StructureDefinition-ChulEfr.html"}],"nameUrl":"StructureDefinition-ChulEfr.html","title":"ChulEfr","generation":"generated"},{"extension":[{"url":"http://hl7.org/fhir/tools/StructureDefinition/ig-page-name","valueUrl":"StructureDefinition-ChulEfrObservation.html"}],"nameUrl":"StructureDefinition-ChulEfrObservation.html","title":"ChulEfrObservation","generation":"generated"},{"extension":[{"url":"http://hl7.org/fhir/tools/StructureDefinition/ig-page-name","valueUrl":"StructureDefinition-ChulLabPatient.html"}],"nameUrl":"StructureDefinition-ChulLabPatient.html","title":"ChulLabPatient","generation":"generated"},{"extension":[{"url":"http://hl7.org/fhir/tools/StructureDefinition/ig-page-name","valueUrl":"StructureDefinition-ChulPatient.html"}],"nameUrl":"StructureDefinition-ChulPatient.html","title":"ChulPatient","generation":"generated"},{"extension":[{"url":"http://hl7.org/fhir/tools/StructureDefinition/ig-page-name","valueUrl":"StructureDefinition-ChulPneumoBio.html"}],"nameUrl":"StructureDefinition-ChulPneumoBio.html","title":"ChulPneumoBio","generation":"generated"},{"extension":[{"url":"http://hl7.org/fhir/tools/StructureDefinition/ig-page-name","valueUrl":"StructureDefinition-ChulPneumoBundle.html"}],"nameUrl":"StructureDefinition-ChulPneumoBundle.html","title":"ChulPneumoBundle","generation":"generated"},{"extension":[{"url":"http://hl7.org/fhir/tools/StructureDefinition/ig-page-name","valueUrl":"StructureDefinition-ChulPneumoComposition.html"}],"nameUrl":"StructureDefinition-ChulPneumoComposition.html","title":"ChulPneumoComposition","generation":"generated"},{"extension":[{"url":"http://hl7.org/fhir/tools/StructureDefinition/ig-page-name","valueUrl":"StructureDefinition-ChulPneumoCondition.html"}],"nameUrl":"StructureDefinition-ChulPneumoCondition.html","title":"ChulPneumoCondition","generation":"generated"},{"extension":[{"url":"http://hl7.org/fhir/tools/StructureDefinition/ig-page-name","valueUrl":"StructureDefinition-ChulPneumoVitalSign.html"}],"nameUrl":"StructureDefinition-ChulPneumoVitalSign.html","title":"ChulPneumoVitalSign","generation":"generated"},{"extension":[{"url":"http://hl7.org/fhir/tools/StructureDefinition/ig-page-name","valueUrl":"StructureDefinition-ChulTobaccoObservation.html"}],"nameUrl":"StructureDefinition-ChulTobaccoObservation.html","title":"ChulTobaccoObservation","generation":"generated"},{"extension":[{"url":"http://hl7.org/fhir/tools/StructureDefinition/ig-page-name","valueUrl":"ValueSet-i2x-pneumo-diagnostic.html"}],"nameUrl":"ValueSet-i2x-pneumo-diagnostic.html","title":"Diagnostic principal maladie respiratoire","generation":"generated"},{"extension":[{"url":"http://hl7.org/fhir/tools/StructureDefinition/ig-page-name","valueUrl":"ValueSet-i2x-pneumo-bio.html"}],"nameUrl":"ValueSet-i2x-pneumo-bio.html","title":"Jeu de biologies d'intérêt pour la télésurveillance des maladies respiratoires","generation":"generated"},{"extension":[{"url":"http://hl7.org/fhir/tools/StructureDefinition/ig-page-name","valueUrl":"ValueSet-i2x-tabac.html"}],"nameUrl":"ValueSet-i2x-tabac.html","title":"Jeu de concept de tabacologie","generation":"generated"},{"extension":[{"url":"http://hl7.org/fhir/tools/StructureDefinition/ig-page-name","valueUrl":"ValueSet-i2x-tabac-status.html"}],"nameUrl":"ValueSet-i2x-tabac-status.html","title":"Jeu de concept pour le statut de tabagisme","generation":"generated"},{"extension":[{"url":"http://hl7.org/fhir/tools/StructureDefinition/ig-page-name","valueUrl":"ValueSet-i2x-efr.html"}],"nameUrl":"ValueSet-i2x-efr.html","title":"Observations d'une épreuve fonctionnelle respiratoire","generation":"generated"},{"extension":[{"url":"http://hl7.org/fhir/tools/StructureDefinition/ig-page-name","valueUrl":"ValueSet-i2x-pneumo-vitaux.html"}],"nameUrl":"ValueSet-i2x-pneumo-vitaux.html","title":"Signes vitaux pneumologie","generation":"generated"},{"extension":[{"url":"http://hl7.org/fhir/tools/StructureDefinition/ig-page-name","valueUrl":"Organization-ChuLabo.html"}],"nameUrl":"Organization-ChuLabo.html","title":"ChuLabo","generation":"generated"},{"extension":[{"url":"http://hl7.org/fhir/tools/StructureDefinition/ig-page-name","valueUrl":"Procedure-ChulEfrExample.html"}],"nameUrl":"Procedure-ChulEfrExample.html","title":"ChulEfrExample","generation":"generated"},{"extension":[{"url":"http://hl7.org/fhir/tools/StructureDefinition/ig-page-name","valueUrl":"Observation-ChulEfrObservationExample.html"}],"nameUrl":"Observation-ChulEfrObservationExample.html","title":"ChulEfrObservationExample","generation":"generated"},{"extension":[{"url":"http://hl7.org/fhir/tools/StructureDefinition/ig-page-name","valueUrl":"Observation-ChulEfrObservationSource.html"}],"nameUrl":"Observation-ChulEfrObservationSource.html","title":"ChulEfrObservationSource","generation":"generated"},{"extension":[{"url":"http://hl7.org/fhir/tools/StructureDefinition/ig-page-name","valueUrl":"Patient-ChulLabPatientExample.html"}],"nameUrl":"Patient-ChulLabPatientExample.html","title":"ChulLabPatientExample","generation":"generated"},{"extension":[{"url":"http://hl7.org/fhir/tools/StructureDefinition/ig-page-name","valueUrl":"Patient-ChulPatientExample.html"}],"nameUrl":"Patient-ChulPatientExample.html","title":"ChulPatientExample","generation":"generated"},{"extension":[{"url":"http://hl7.org/fhir/tools/StructureDefinition/ig-page-name","valueUrl":"Observation-ChulPneumoBioExample.html"}],"nameUrl":"Observation-ChulPneumoBioExample.html","title":"ChulPneumoBioExample","generation":"generated"},{"extension":[{"url":"http://hl7.org/fhir/tools/StructureDefinition/ig-page-name","valueUrl":"Bundle-ChulPneumoBundleExample.html"}],"nameUrl":"Bundle-ChulPneumoBundleExample.html","title":"ChulPneumoBundleExample","generation":"generated"},{"extension":[{"url":"http://hl7.org/fhir/tools/StructureDefinition/ig-page-name","valueUrl":"Bundle-ChulPneumoBundleExampleLab.html"}],"nameUrl":"Bundle-ChulPneumoBundleExampleLab.html","title":"ChulPneumoBundleExampleLab","generation":"generated"},{"extension":[{"url":"http://hl7.org/fhir/tools/StructureDefinition/ig-page-name","valueUrl":"Condition-ChulPneumoConditionExample.html"}],"nameUrl":"Condition-ChulPneumoConditionExample.html","title":"ChulPneumoConditionExample","generation":"generated"},{"extension":[{"url":"http://hl7.org/fhir/tools/StructureDefinition/ig-page-name","valueUrl":"Observation-ChulPneumoVitalSignExample.html"}],"nameUrl":"Observation-ChulPneumoVitalSignExample.html","title":"ChulPneumoVitalSignExample","generation":"generated"},{"extension":[{"url":"http://hl7.org/fhir/tools/StructureDefinition/ig-page-name","valueUrl":"Observation-ChulTobaccoObservationExample.html"}],"nameUrl":"Observation-ChulTobaccoObservationExample.html","title":"ChulTobaccoObservationExample","generation":"generated"},{"extension":[{"url":"http://hl7.org/fhir/tools/StructureDefinition/ig-page-name","valueUrl":"DiagnosticReport-EfrDiagnosticReport.html"}],"nameUrl":"DiagnosticReport-EfrDiagnosticReport.html","title":"EfrDiagnosticReport","generation":"generated"},{"extension":[{"url":"http://hl7.org/fhir/tools/StructureDefinition/ig-page-name","valueUrl":"Encounter-EuEncounterExample.html"}],"nameUrl":"Encounter-EuEncounterExample.html","title":"EuEncounterExample","generation":"generated"},{"extension":[{"url":"http://hl7.org/fhir/tools/StructureDefinition/ig-page-name","valueUrl":"Composition-ChulPneumoCompositionExample.html"}],"nameUrl":"Composition-ChulPneumoCompositionExample.html","title":"Exemple de composition en pneumologie","generation":"generated"},{"extension":[{"url":"http://hl7.org/fhir/tools/StructureDefinition/ig-page-name","valueUrl":"Composition-ChulPneumoCompositionExampleLab.html"}],"nameUrl":"Composition-ChulPneumoCompositionExampleLab.html","title":"Exemple de composition en pneumologie","generation":"generated"},{"extension":[{"url":"http://hl7.org/fhir/tools/StructureDefinition/ig-page-name","valueUrl":"Organization-GSI.html"}],"nameUrl":"Organization-GSI.html","title":"GSI","generation":"generated"},{"extension":[{"url":"http://hl7.org/fhir/tools/StructureDefinition/ig-page-name","valueUrl":"Practitioner-Physician.html"}],"nameUrl":"Practitioner-Physician.html","title":"Physician","generation":"generated"}]}]},"parameter":[{"code":"path-resource","value":"input/capabilities"},{"code":"path-resource","value":"input/examples"},{"code":"path-resource","value":"input/extensions"},{"code":"path-resource","value":"input/models"},{"code":"path-resource","value":"input/operations"},{"code":"path-resource","value":"input/profiles"},{"code":"path-resource","value":"input/resources"},{"code":"path-resource","value":"input/vocabulary"},{"code":"path-resource","value":"input/maps"},{"code":"path-resource","value":"input/testing"},{"code":"path-resource","value":"input/history"},{"code":"path-resource","value":"fsh-generated/resources"},{"code":"path-pages","value":"template/config"},{"code":"path-pages","value":"input/images"},{"code":"path-tx-cache","value":"input-cache/txcache"}]}}