{"resourceType":"ValueSet","id":"i2x-efr","text":{"status":"generated","div":"<div xmlns=\"http://www.w3.org/1999/xhtml\"><p class=\"res-header-id\"><b>Generated Narrative: ValueSet i2x-efr</b></p><a name=\"i2x-efr\"> </a><a name=\"hci2x-efr\"> </a><a name=\"i2x-efr-und\"> </a><ul><li>Include ces codes sont définis dans <a href=\"http://loinc.org\"><code>http://loinc.org</code></a><table class=\"none\"><tr><td style=\"white-space:nowrap\"><b>Code</b></td><td><b>Display</b></td></tr><tr><td><a href=\"https://loinc.org/19876-2/\">19876-2</a></td><td>Forced vital capacity by Spirometry --pre bronchodilation</td></tr><tr><td><a href=\"https://loinc.org/20157-4/\">20157-4</a></td><td>FEV1 --pre bronchodilation</td></tr><tr><td><a href=\"https://loinc.org/81450-9/\">81450-9</a></td><td>Total lung capacity --pre bronchodilation</td></tr><tr><td><a href=\"https://loinc.org/19926-5/\">19926-5</a></td><td>FEV1/FVC</td></tr><tr><td><a href=\"https://loinc.org/19871-3/\">19871-3</a></td><td>FVC pre bronchodilation measured/predicted</td></tr><tr><td><a href=\"https://loinc.org/20152-5/\">20152-5</a></td><td>FEV1 measured/predicted</td></tr><tr><td><a href=\"https://loinc.org/89085-5/\">89085-5</a></td><td>Total lung capacity/Predicted total lung capacity</td></tr><tr><td><a href=\"https://loinc.org/81454-1/\">81454-1</a></td><td>Residual volume/Total capacity --pre bronchodilation</td></tr><tr><td><a href=\"https://loinc.org/43252-6/\">43252-6</a></td><td>Residual volume/Total capacity predicted</td></tr><tr><td><a href=\"https://loinc.org/98130-8/\">98130-8</a></td><td>Diffusion capacity.carbon monoxide/Predicted</td></tr><tr><td><a href=\"https://loinc.org/98203-3/\">98203-3</a></td><td>(Diffusion capacity/Alveolar volume)/predicted</td></tr></table></li></ul></div>"},"url":"http://si-s-serv1041.st.chulg/ig/VersUnSouffleNouveauIG/ValueSet/i2x-efr","version":"0.1.1","name":"EFR_VS","title":"Jeu d'observations d'une épreuve fonctionnelle respiratoire","status":"draft","date":"2025-04-14","publisher":"CHU Liège","contact":[{"name":"CHU Liège","telecom":[{"system":"url","value":"http://www.chuliege.be"}]}],"description":"Jeu d'bservations d'une épreuve fonctionnelle respiratoire","copyright":"RM@H IG (C) 2025-2025 University Hospital of Liege, GSI Department, Belgium. This implementation guide is free software: you can redistribute it and/or modify it under the terms of the GNU General Public License as published by the Free Software Foundation, either version 3 of the License, or (at your option) any later version. This program is distributed in the hope that it will be useful, but WITHOUT ANY WARRANTY; without even the implied warranty of MERCHANTABILITY or FITNESS FOR A PARTICULAR PURPOSE. See the GNU General Public License for more details. You should have received a copy of the GNU General Public License along with this program. If not, see <http://www.gnu.org/licenses/>.","compose":{"include":[{"system":"http://loinc.org","concept":[{"code":"19876-2","display":"Forced vital capacity by Spirometry --pre bronchodilation"},{"code":"20157-4","display":"FEV1 --pre bronchodilation"},{"code":"81450-9","display":"Total lung capacity --pre bronchodilation"},{"code":"19926-5","display":"FEV1/FVC"},{"code":"19871-3","display":"FVC pre bronchodilation measured/predicted"},{"code":"20152-5","display":"FEV1 measured/predicted"},{"code":"89085-5","display":"Total lung capacity/Predicted total lung capacity"},{"code":"81454-1","display":"Residual volume/Total capacity --pre bronchodilation"},{"code":"43252-6","display":"Residual volume/Total capacity predicted"},{"code":"98130-8","display":"Diffusion capacity.carbon monoxide/Predicted"},{"code":"98203-3","display":"(Diffusion capacity/Alveolar volume)/predicted"}]}]}}