{"resourceType":"ValueSet","id":"i2x-pneumo-diagnostic","text":{"status":"generated","div":"<div xmlns=\"http://www.w3.org/1999/xhtml\"><p class=\"res-header-id\"><b>Generated Narrative: ValueSet i2x-pneumo-diagnostic</b></p><a name=\"i2x-pneumo-diagnostic\"> </a><a name=\"hci2x-pneumo-diagnostic\"> </a><a name=\"i2x-pneumo-diagnostic-und\"> </a><ul><li>Include ces codes sont définis dans <a href=\"http://www.snomed.org/\"><code>http://snomed.info/sct</code></a><table class=\"none\"><tr><td style=\"white-space:nowrap\"><b>Code</b></td><td><b>Display</b></td></tr><tr><td><a href=\"http://snomed.info/id/195967001\">195967001</a></td><td>asthme</td></tr><tr><td><a href=\"http://snomed.info/id/63480004\">63480004</a></td><td>bronchite chronique</td></tr><tr><td><a href=\"http://snomed.info/id/102361000119104\">102361000119104</a></td><td>pneumonie chronique</td></tr><tr><td><a href=\"http://snomed.info/id/2561000112106\">2561000112106</a></td><td>toux chronique réfractaire</td></tr><tr><td><a href=\"http://snomed.info/id/13645005\">13645005</a></td><td>bronchopneumopathie chronique obstructive</td></tr></table></li></ul></div>"},"url":"http://si-s-serv1041.st.chulg/ig/VersUnSouffleNouveauIG/ValueSet/i2x-pneumo-diagnostic","version":"0.1.0","name":"PNEUMO_DIAGNOSTIC_VS","title":"Jeu de diagnostic principal maladie respiratoire","status":"draft","date":"2025-05-23T16:57:29+02:00","publisher":"CHU Liège","contact":[{"name":"CHU Liège","telecom":[{"system":"url","value":"http://www.chuliege.be"}]}],"description":"Jeu de diagnostic principal maladie respiratoire","compose":{"include":[{"system":"http://snomed.info/sct","concept":[{"code":"195967001","display":"asthme"},{"code":"63480004","display":"bronchite chronique"},{"code":"102361000119104","display":"pneumonie chronique"},{"code":"2561000112106","display":"toux chronique réfractaire"},{"code":"13645005","display":"bronchopneumopathie chronique obstructive"}]}]}}