{"resourceType":"ValueSet","id":"i2x-pneumo-vitaux","text":{"status":"generated","div":"<div xmlns=\"http://www.w3.org/1999/xhtml\"><p class=\"res-header-id\"><b>Generated Narrative: ValueSet i2x-pneumo-vitaux</b></p><a name=\"i2x-pneumo-vitaux\"> </a><a name=\"hci2x-pneumo-vitaux\"> </a><a name=\"i2x-pneumo-vitaux-und\"> </a><ul><li>Include ces codes sont définis dans <a href=\"http://loinc.org\"><code>http://loinc.org</code></a><table class=\"none\"><tr><td style=\"white-space:nowrap\"><b>Code</b></td><td><b>Display</b></td></tr><tr><td><a href=\"https://loinc.org/29463-7/\">29463-7</a></td><td>Poids</td></tr><tr><td><a href=\"https://loinc.org/8302-2/\">8302-2</a></td><td>Taille</td></tr></table></li></ul></div>"},"url":"http://si-s-serv1041.st.chulg/ig/VersUnSouffleNouveauIG/ValueSet/i2x-pneumo-vitaux","version":"0.1.0","name":"PNEUMO_VITAAUX_VS","title":"Signes vitaux pneumologie","status":"draft","date":"2025-04-09T15:00:50+02:00","publisher":"CHU Liège","contact":[{"name":"CHU Liège","telecom":[{"system":"url","value":"http://www.chuliege.be"}]}],"description":"Signes vitaux pneumologie","compose":{"include":[{"system":"http://loinc.org","concept":[{"code":"29463-7","display":"Poids"},{"code":"8302-2","display":"Taille"}]}]}}