{
  "resourceType" : "Observation",
  "id" : "ChulTobaccoObservationExample",
  "meta" : {
    "profile" : ["http://si-s-serv1041.st.chulg/ig/VersUnSouffleNouveauIG/StructureDefinition/ChulTobaccoObservation"]
  },
  "text" : {
    "status" : "generated",
    "div" : "<div xmlns=\"http://www.w3.org/1999/xhtml\"><p class=\"res-header-id\"><b>Generated Narrative: Observation ChulTobaccoObservationExample</b></p><a name=\"ChulTobaccoObservationExample\"> </a><a name=\"hcChulTobaccoObservationExample\"> </a><a name=\"ChulTobaccoObservationExample-und\"> </a><div style=\"display: inline-block; background-color: #d9e0e7; padding: 6px; margin: 4px; border: 1px solid #8da1b4; border-radius: 5px; line-height: 60%\"><p style=\"margin-bottom: 0px\"/><p style=\"margin-bottom: 0px\">Profil: <a href=\"StructureDefinition-ChulTobaccoObservation.html\">ChulTobaccoObservation</a></p></div><p><b>status</b>: Final</p><p><b>code</b>: <span title=\"Codes:{http://loinc.org 72166-2}\">Tobacco smoking status</span></p><p><b>subject</b>: <a href=\"Patient-ChulPatientExample.html\">Patrick Duflot  Male, Date de Naissance :1974-01-22 ( https://terminology.chuliege.be/NamingSystem/numnat#123456A)</a></p><p><b>effective</b>: 2023-10-01</p><p><b>performer</b>: <a href=\"Practitioner-Physician.html\">Practitioner Dr. Jean Toubib</a></p><p><b>value</b>: <span title=\"Codes:{http://loinc.org LA18976-3}\">Current every day smoker</span></p></div>"
  },
  "status" : "final",
  "code" : {
    "coding" : [{
      "system" : "http://loinc.org",
      "code" : "72166-2"
    }]
  },
  "subject" : {
    "reference" : "Patient/ChulPatientExample"
  },
  "effectiveDateTime" : "2023-10-01",
  "performer" : [{
    "reference" : "Practitioner/Physician"
  }],
  "valueCodeableConcept" : {
    "coding" : [{
      "system" : "http://loinc.org",
      "code" : "LA18976-3"
    }]
  }
}