{
  "resourceType" : "Observation",
  "id" : "VunsPneumoVitalSignExample",
  "meta" : {
    "profile" : ["http://si-s-serv1041.st.chulg/ig/VersUnSouffleNouveauIG/StructureDefinition/VunsPneumoVitalSign"]
  },
  "text" : {
    "status" : "generated",
    "div" : "<div xmlns=\"http://www.w3.org/1999/xhtml\"><p class=\"res-header-id\"><b>Generated Narrative: Observation VunsPneumoVitalSignExample</b></p><a name=\"VunsPneumoVitalSignExample\"> </a><a name=\"hcVunsPneumoVitalSignExample\"> </a><a name=\"VunsPneumoVitalSignExample-und\"> </a><div style=\"display: inline-block; background-color: #d9e0e7; padding: 6px; margin: 4px; border: 1px solid #8da1b4; border-radius: 5px; line-height: 60%\"><p style=\"margin-bottom: 0px\"/><p style=\"margin-bottom: 0px\">Profil: <a href=\"StructureDefinition-VunsPneumoVitalSign.html\">VunsPneumoVitalSign</a></p></div><p><b>status</b>: Final</p><p><b>category</b>: <span title=\"Codes:{http://terminology.hl7.org/CodeSystem/observation-category vital-signs}\">Vital Signs</span></p><p><b>code</b>: <span title=\"Codes:{http://loinc.org 29463-7}\">Body weight</span></p><p><b>subject</b>: <a href=\"Patient-VunsPatientExample.html\">Patrick Duflot  Male, Date de Naissance :1974-01-22 ( https://www.ehealth.fgov.be/standards/fhir/core/NamingSystem/ssin#BeSSINNamingSystem#11111111111)</a></p><p><b>effective</b>: 2023-10-01</p><p><b>performer</b>: <a href=\"Bundle-VunsPneumoBundleExample.html#Practitioner_Physician\">Bundle : identifier = https://terminology.chuliege.be/NamingSystem/global#SampleBundle01; type = document; timestamp = 2025-03-01 12:00:00+0100</a></p><p><b>value</b>: 80 kg<span style=\"background: LightGoldenRodYellow\"> (Details: UCUM  codekg = 'kg')</span></p></div>"
  },
  "status" : "final",
  "category" : [{
    "coding" : [{
      "system" : "http://terminology.hl7.org/CodeSystem/observation-category",
      "code" : "vital-signs"
    }]
  }],
  "code" : {
    "coding" : [{
      "system" : "http://loinc.org",
      "code" : "29463-7"
    }]
  },
  "subject" : {
    "reference" : "Patient/VunsPatientExample"
  },
  "effectiveDateTime" : "2023-10-01",
  "performer" : [{
    "reference" : "Practitioner/Physician"
  }],
  "valueQuantity" : {
    "value" : 80,
    "unit" : "kg",
    "system" : "http://unitsofmeasure.org",
    "code" : "kg"
  }
}