{
  "resourceType" : "Procedure",
  "id" : "VunsEfrExample",
  "meta" : {
    "profile" : ["http://si-s-serv1041.st.chulg/ig/VersUnSouffleNouveauIG/StructureDefinition/VunsEfr"]
  },
  "language" : "fr-BE",
  "text" : {
    "status" : "generated",
    "div" : "<div xmlns=\"http://www.w3.org/1999/xhtml\" xml:lang=\"fr-BE\" lang=\"fr-BE\"><p class=\"res-header-id\"><b>Generated Narrative: Procedure VunsEfrExample</b></p><a name=\"VunsEfrExample\"> </a><a name=\"hcVunsEfrExample\"> </a><a name=\"VunsEfrExample-und\"> </a><div style=\"display: inline-block; background-color: #d9e0e7; padding: 6px; margin: 4px; border: 1px solid #8da1b4; border-radius: 5px; line-height: 60%\"><p style=\"margin-bottom: 0px\">Language: fr-BE</p><p style=\"margin-bottom: 0px\">Profil: <a href=\"StructureDefinition-VunsEfr.html\">VunsEfr</a></p></div><p><b>status</b>: Completed</p><p><b>code</b>: <span title=\"Codes:{http://snomed.info/sct 23426006}\">Mesure de la fonction respiratoire</span></p><p><b>subject</b>: <a href=\"Patient-VunsPatientExample.html\">Patrick Duflot  Male, Date de Naissance :1974-01-22 ( https://www.ehealth.fgov.be/standards/fhir/core/NamingSystem/ssin#BeSSINNamingSystem#11111111111)</a></p><p><b>encounter</b>: <a href=\"Bundle-VunsPneumoBundleExample.html#Encounter_EuEncounterExample\">Bundle : identifier = https://terminology.chuliege.be/NamingSystem/global#SampleBundle01; type = document; timestamp = 2025-03-01 12:00:00+0100</a></p><p><b>performed</b>: 2025-03-01</p><p><b>report</b>: <a href=\"Bundle-VunsPneumoBundleExample.html#DiagnosticReport_EfrDiagnosticReport\">Bundle : identifier = https://terminology.chuliege.be/NamingSystem/global#SampleBundle01; type = document; timestamp = 2025-03-01 12:00:00+0100</a></p></div>"
  },
  "status" : "completed",
  "code" : {
    "coding" : [{
      "system" : "http://snomed.info/sct",
      "code" : "23426006"
    }],
    "text" : "Mesure de la fonction respiratoire"
  },
  "subject" : {
    "reference" : "Patient/VunsPatientExample"
  },
  "encounter" : {
    "reference" : "Encounter/EuEncounterExample"
  },
  "performedDateTime" : "2025-03-01",
  "report" : [{
    "reference" : "DiagnosticReport/EfrDiagnosticReport"
  }]
}