{
  "resourceType" : "ValueSet",
  "id" : "i2x-tabac",
  "text" : {
    "status" : "generated",
    "div" : "<div xmlns=\"http://www.w3.org/1999/xhtml\"><p class=\"res-header-id\"><b>Generated Narrative: ValueSet i2x-tabac</b></p><a name=\"i2x-tabac\"> </a><a name=\"hci2x-tabac\"> </a><a name=\"i2x-tabac-und\"> </a><ul><li>Include ces codes sont définis dans <a href=\"http://loinc.org\"><code>http://loinc.org</code></a><table class=\"none\"><tr><td style=\"white-space:nowrap\"><b>Code</b></td><td><b>Display</b></td></tr><tr><td><a href=\"https://loinc.org/72166-2/\">72166-2</a></td><td>Tabagisme actuel</td></tr><tr><td><a href=\"https://loinc.org/74011-8/\">74011-8</a></td><td>Nombre de cigarettes fumées par jour</td></tr><tr><td><a href=\"https://loinc.org/88029-4/\">88029-4</a></td><td>Nombre d'années de tabagisme</td></tr></table></li></ul></div>"
  },
  "url" : "http://si-s-serv1041.st.chulg/ig/VersUnSouffleNouveauIG/ValueSet/i2x-tabac",
  "version" : "0.1.0",
  "name" : "TABAC_VS",
  "title" : "Jeu de concept de tabacologie",
  "status" : "draft",
  "date" : "2025-04-14T13:33:24+02:00",
  "publisher" : "CHU Liège",
  "contact" : [{
    "name" : "CHU Liège",
    "telecom" : [{
      "system" : "url",
      "value" : "http://www.chuliege.be"
    }]
  }],
  "description" : "Jeu de concept de tabacologie",
  "compose" : {
    "include" : [{
      "system" : "http://loinc.org",
      "concept" : [{
        "code" : "72166-2",
        "display" : "Tabagisme actuel"
      },
      {
        "code" : "74011-8",
        "display" : "Nombre de cigarettes fumées par jour"
      },
      {
        "code" : "88029-4",
        "display" : "Nombre d'années de tabagisme"
      }]
    }]
  }
}