{
  "resourceType" : "ValueSet",
  "id" : "i2x-tabac-status",
  "text" : {
    "status" : "generated",
    "div" : "<div xmlns=\"http://www.w3.org/1999/xhtml\"><p class=\"res-header-id\"><b>Generated Narrative: ValueSet i2x-tabac-status</b></p><a name=\"i2x-tabac-status\"> </a><a name=\"hci2x-tabac-status\"> </a><a name=\"i2x-tabac-status-und\"> </a><ul><li>Include ces codes sont définis dans <a href=\"http://loinc.org\"><code>http://loinc.org</code></a><table class=\"none\"><tr><td style=\"white-space:nowrap\"><b>Code</b></td><td><b>Display</b></td></tr><tr><td><a href=\"https://loinc.org/LA18976-3/\">LA18976-3</a></td><td>Fumeur</td></tr><tr><td><a href=\"https://loinc.org/LA15920-4/\">LA15920-4</a></td><td>Ex-fumeur</td></tr><tr><td><a href=\"https://loinc.org/LA18978-9/\">LA18978-9</a></td><td>Non fumeur</td></tr><tr><td><a href=\"https://loinc.org/LA18979-7/\">LA18979-7</a></td><td>Inconnu</td></tr></table></li></ul></div>"
  },
  "url" : "http://si-s-serv1041.st.chulg/ig/VersUnSouffleNouveauIG/ValueSet/i2x-tabac-status",
  "version" : "0.1.0",
  "name" : "TABAC_STATUS_VS",
  "title" : "Jeu de concept pour le statut de tabagisme",
  "status" : "draft",
  "date" : "2025-05-28T10:00:58+02:00",
  "publisher" : "CHU Liège",
  "contact" : [{
    "name" : "CHU Liège",
    "telecom" : [{
      "system" : "url",
      "value" : "http://www.chuliege.be"
    }]
  }],
  "compose" : {
    "include" : [{
      "system" : "http://loinc.org",
      "concept" : [{
        "code" : "LA18976-3",
        "display" : "Fumeur"
      },
      {
        "code" : "LA15920-4",
        "display" : "Ex-fumeur"
      },
      {
        "code" : "LA18978-9",
        "display" : "Non fumeur"
      },
      {
        "code" : "LA18979-7",
        "display" : "Inconnu"
      }]
    }]
  }
}